<?xml version="1.0" encoding="UTF-8"?>
<metadata xml:lang="en"><Esri><CreaDate>20200710</CreaDate><CreaTime>13361700</CreaTime><ArcGISFormat>1.0</ArcGISFormat><SyncOnce>TRUE</SyncOnce><DataProperties><lineage><Process ToolSource="c:\program files (x86)\arcgis\desktop10.7\ArcToolbox\Toolboxes\Data Management Tools.tbx\CalculateField" Date="20190628" Time="115810">CalculateField LPC_Individual_Landmark_and_Historic_District_Building_DB BBL_2 [BBL] VB #</Process><Process ToolSource="c:\program files (x86)\arcgis\desktop10.7\ArcToolbox\Toolboxes\Data Management Tools.tbx\CalculateField" Date="20190628" Time="115834">CalculateField LPC_Individual_Landmark_and_Historic_District_Building_DB IL_FLAG 0 VB #</Process><Process ToolSource="c:\program files (x86)\arcgis\desktop10.7\ArcToolbox\Toolboxes\Data Management Tools.tbx\CalculateField" Date="20190628" Time="115913">CalculateField LPC_Individual_Landmark_and_Historic_District_Building_DB LM_New 0 VB #</Process><Process ToolSource="c:\program files (x86)\arcgis\desktop10.7\ArcToolbox\Toolboxes\Data Management Tools.tbx\CalculateField" Date="20190628" Time="115934">CalculateField LPC_Individual_Landmark_and_Historic_District_Building_DB LM_Orig 0 VB #</Process><Process ToolSource="c:\program files (x86)\arcgis\desktop10.7\ArcToolbox\Toolboxes\Data Management Tools.tbx\CalculateField" Date="20190628" Time="115959">CalculateField LPC_Individual_Landmark_and_Historic_District_Building_DB NewConst 0 VB #</Process><Process ToolSource="c:\program files (x86)\arcgis\desktop10.7\ArcToolbox\Toolboxes\Data Management Tools.tbx\CalculateField" Date="20190628" Time="120028">CalculateField LPC_Individual_Landmark_and_Historic_District_Building_DB Build_Nme 0 VB #</Process><Process ToolSource="c:\program files (x86)\arcgis\desktop10.7\ArcToolbox\Toolboxes\Data Management Tools.tbx\CalculateField" Date="20190628" Time="120114">CalculateField LPC_Individual_Landmark_and_Historic_District_Building_DB Use_Other 0 VB #</Process><Process ToolSource="c:\program files (x86)\arcgis\desktop10.7\ArcToolbox\Toolboxes\Data Management Tools.tbx\CalculateField" Date="20190628" Time="120202">CalculateField LPC_Individual_Landmark_and_Historic_District_Building_DB Mat_Other 0 VB #</Process><Process ToolSource="c:\program files (x86)\arcgis\desktop10.7\ArcToolbox\Toolboxes\Data Management Tools.tbx\CalculateField" Date="20190628" Time="120223">CalculateField LPC_Individual_Landmark_and_Historic_District_Building_DB Mat_Four 0 VB #</Process><Process ToolSource="c:\program files (x86)\arcgis\desktop10.7\ArcToolbox\Toolboxes\Data Management Tools.tbx\CalculateField" Date="20190628" Time="120422">CalculateField LPC_Individual_Landmark_and_Historic_District_Building_DB Mat_Third 0 VB #</Process><Process ToolSource="c:\program files (x86)\arcgis\desktop10.7\ArcToolbox\Toolboxes\Data Management Tools.tbx\CalculateField" Date="20190628" Time="120443">CalculateField LPC_Individual_Landmark_and_Historic_District_Building_DB Mat_Sec 0 VB #</Process><Process ToolSource="c:\program files (x86)\arcgis\desktop10.7\ArcToolbox\Toolboxes\Data Management Tools.tbx\CalculateField" Date="20190628" Time="121038">CalculateField LPC_Individual_Landmark_and_Historic_District_Building_DB NonContrib 0 VB #</Process><Process ToolSource="c:\program files (x86)\arcgis\desktop10.7\ArcToolbox\Toolboxes\Data Management Tools.tbx\CalculateField" Date="20190628" Time="121333">CalculateField LPC_Individual_Landmark_and_Historic_District_Building_DB Style_Sec 0 VB #</Process><Process ToolSource="c:\program files (x86)\arcgis\desktop10.7\ArcToolbox\Toolboxes\Data Management Tools.tbx\CalculateField" Date="20190628" Time="121738">CalculateField LPC_Individual_Landmark_and_Historic_District_Building_DB Circa 0 VB #</Process><Process ToolSource="c:\program files (x86)\arcgis\desktop10.7\ArcToolbox\Toolboxes\Data Management Tools.tbx\CalculateField" Date="20190628" Time="122847">CalculateField LPC_Individual_Landmark_and_Historic_District_Building_DB Alt_Date_1 0 VB #</Process><Process ToolSource="c:\program files (x86)\arcgis\desktop10.7\ArcToolbox\Toolboxes\Data Management Tools.tbx\CalculateField" Date="20190628" Time="122855">CalculateField LPC_Individual_Landmark_and_Historic_District_Building_DB Alt_Date_2 0 VB #</Process><Process ToolSource="c:\program files (x86)\arcgis\desktop10.7\ArcToolbox\Toolboxes\Data Management Tools.tbx\CalculateField" Date="20190628" Time="123522">CalculateField LPC_Individual_Landmark_and_Historic_District_Building_DB Alt_Arch_1 0 VB #</Process><Process ToolSource="c:\program files (x86)\arcgis\desktop10.7\ArcToolbox\Toolboxes\Data Management Tools.tbx\CalculateField" Date="20190628" Time="123531">CalculateField LPC_Individual_Landmark_and_Historic_District_Building_DB Alt_Arch_2 0 VB #</Process><Process ToolSource="c:\program files (x86)\arcgis\desktop10.7\ArcToolbox\Toolboxes\Data Management Tools.tbx\CalculateField" Date="20190628" Time="123648">CalculateField LPC_Individual_Landmark_and_Historic_District_Building_DB Altered 0 VB #</Process><Process ToolSource="c:\program files (x86)\arcgis\desktop10.7\ArcToolbox\Toolboxes\Data Management Tools.tbx\CalculateField" Date="20190702" Time="120712">CalculateField LPC_Individual_Landmark_and_Historic_District_Building_DB BBL_2 [BBL] VB #</Process><Process ToolSource="c:\program files (x86)\arcgis\desktop10.7\ArcToolbox\Toolboxes\Data Management Tools.tbx\CalculateField" Date="20190702" Time="123322">CalculateField LPC_Individual_Landmark_and_Historic_District_Building_DB Use_Orig "Residential" VB #</Process><Process ToolSource="c:\program files (x86)\arcgis\desktop10.7\ArcToolbox\Toolboxes\Data Management Tools.tbx\CalculateField" Date="20190702" Time="123514">CalculateField LPC_Individual_Landmark_and_Historic_District_Building_DB Use_Orig "Residential" VB #</Process><Process ToolSource="c:\program files (x86)\arcgis\desktop10.7\ArcToolbox\Toolboxes\Data Management Tools.tbx\CalculateField" Date="20190702" Time="124222">CalculateField LPC_Individual_Landmark_and_Historic_District_Building_DB Notes 0 VB #</Process><Process ToolSource="c:\program files (x86)\arcgis\desktop10.7\ArcToolbox\Toolboxes\Data Management Tools.tbx\CalculateField" Date="20200526" Time="110324">CalculateField LPC_Individual_Landmark_and_Historic_District_Building_DB Style_Prim !Style_Oth! PYTHON_9.3 #</Process><Process ToolSource="c:\program files (x86)\arcgis\desktop10.7\ArcToolbox\Toolboxes\Data Management Tools.tbx\CalculateField" Date="20200526" Time="110402">CalculateField LPC_Individual_Landmark_and_Historic_District_Building_DB Style_Oth 'Other' PYTHON_9.3 #</Process><Process ToolSource="c:\program files (x86)\arcgis\desktop10.7\ArcToolbox\Toolboxes\Data Management Tools.tbx\CalculateField" Date="20200701" Time="143815">CalculateField LPC_Individual_Landmark_and_Historic_District_Building_DB Date_Combo [ERA] VB #</Process><Process ToolSource="c:\program files (x86)\arcgis\desktop10.7\ArcToolbox\Toolboxes\Data Management Tools.tbx\CalculateField" Date="20200701" Time="143848">CalculateField LPC_Individual_Landmark_and_Historic_District_Building_DB Circa 0 VB #</Process><Process ToolSource="c:\program files (x86)\arcgis\desktop10.7\ArcToolbox\Toolboxes\Data Management Tools.tbx\CalculateField" Date="20200701" Time="145338">CalculateField LPC_Individual_Landmark_and_Historic_District_Building_DB BBL_2 [BBL] VB #</Process><Process ToolSource="c:\program files (x86)\arcgis\desktop10.7\ArcToolbox\Toolboxes\Data Management Tools.tbx\CalculateField" Date="20200701" Time="150954">CalculateField LPC_Individual_Landmark_and_Historic_District_Building_DB Style_Prim 'None' PYTHON_9.3 #</Process><Process ToolSource="c:\program files (x86)\arcgis\desktop10.7\ArcToolbox\Toolboxes\Data Management Tools.tbx\CalculateField" Date="20200701" Time="151038">CalculateField LPC_Individual_Landmark_and_Historic_District_Building_DB Style_Sec 0 PYTHON_9.3 #</Process><Process ToolSource="c:\program files (x86)\arcgis\desktop10.7\ArcToolbox\Toolboxes\Data Management Tools.tbx\CalculateField" Date="20200701" Time="151147">CalculateField LPC_Individual_Landmark_and_Historic_District_Building_DB Style_Oth 0 PYTHON_9.3 #</Process><Process ToolSource="c:\program files (x86)\arcgis\desktop10.7\ArcToolbox\Toolboxes\Data Management Tools.tbx\CalculateField" Date="20200701" Time="151615">CalculateField LPC_Individual_Landmark_and_Historic_District_Building_DB NonContrib 8 PYTHON_9.3 #</Process><Process ToolSource="c:\program files (x86)\arcgis\desktop10.7\ArcToolbox\Toolboxes\Data Management Tools.tbx\CalculateField" Date="20200701" Time="151654">CalculateField LPC_Individual_Landmark_and_Historic_District_Building_DB NonContrib 0 PYTHON_9.3 #</Process><Process ToolSource="c:\program files (x86)\arcgis\desktop10.7\ArcToolbox\Toolboxes\Data Management Tools.tbx\CalculateField" Date="20200701" Time="151738">CalculateField LPC_Individual_Landmark_and_Historic_District_Building_DB NonContrib 1 PYTHON_9.3 #</Process><Process ToolSource="c:\program files (x86)\arcgis\desktop10.7\ArcToolbox\Toolboxes\Data Management Tools.tbx\CalculateField" Date="20200702" Time="084159">CalculateField LPC_Individual_Landmark_and_Historic_District_Building_DB NonContrib 2 VB #</Process><Process ToolSource="c:\program files (x86)\arcgis\desktop10.7\ArcToolbox\Toolboxes\Data Management Tools.tbx\CalculateField" Date="20200702" Time="084236">CalculateField LPC_Individual_Landmark_and_Historic_District_Building_DB NonContrib 1 VB #</Process><Process ToolSource="c:\program files (x86)\arcgis\desktop10.7\ArcToolbox\Toolboxes\Data Management Tools.tbx\CalculateField" Date="20200702" Time="084338">CalculateField LPC_Individual_Landmark_and_Historic_District_Building_DB NonContrib 0 VB #</Process><Process ToolSource="c:\program files (x86)\arcgis\desktop10.7\ArcToolbox\Toolboxes\Data Management Tools.tbx\CalculateField" Date="20200702" Time="084540">CalculateField LPC_Individual_Landmark_and_Historic_District_Building_DB Use_Orig Residential VB #</Process><Process ToolSource="c:\program files (x86)\arcgis\desktop10.7\ArcToolbox\Toolboxes\Data Management Tools.tbx\CalculateField" Date="20200702" Time="084610">CalculateField LPC_Individual_Landmark_and_Historic_District_Building_DB Use_Orig 'Residential' PYTHON_9.3 #</Process><Process ToolSource="c:\program files (x86)\arcgis\desktop10.7\ArcToolbox\Toolboxes\Data Management Tools.tbx\CalculateField" Date="20200702" Time="091131">CalculateField LPC_Individual_Landmark_and_Historic_District_Building_DB NonContrib 2 PYTHON_9.3 #</Process><Process ToolSource="c:\program files (x86)\arcgis\desktop10.7\ArcToolbox\Toolboxes\Data Management Tools.tbx\CalculateField" Date="20200708" Time="090555">CalculateField LPC_Individual_Landmark_and_Historic_District_Building_DB Hist_Dist 'Manida Street Historic District' PYTHON_9.3 #</Process><Process ToolSource="c:\program files (x86)\arcgis\desktop10.7\ArcToolbox\Toolboxes\Data Management Tools.tbx\CalculateField" Date="20200708" Time="094756">CalculateField LPC_Individual_Landmark_and_Historic_District_Building_DB Mat_Prim 'Not Determined' PYTHON_9.3 #</Process><Process ToolSource="c:\program files (x86)\arcgis\desktop10.7\ArcToolbox\Toolboxes\Data Management Tools.tbx\CalculateField" Date="20200708" Time="153959">CalculateField LPC_Individual_Landmark_and_Historic_District_Building_DB Date_Low 0 PYTHON_9.3 #</Process><Process ToolSource="c:\program files (x86)\arcgis\desktop10.7\ArcToolbox\Toolboxes\Data Management Tools.tbx\CalculateField" Date="20200708" Time="154006">CalculateField LPC_Individual_Landmark_and_Historic_District_Building_DB Date_High 0 PYTHON_9.3 #</Process></lineage></DataProperties></Esri></metadata>
