<?xml version="1.0" encoding="UTF-8"?>
<metadata xml:lang="en"><Esri><CreaDate>20131231</CreaDate><CreaTime>11375900</CreaTime><SyncOnce>FALSE</SyncOnce><DataProperties><lineage><Process ToolSource="C:\Program Files\ArcGIS\ArcToolbox\Toolboxes\Data Management Tools.tbx\Append" Date="20120317" Time="151715" Name="" export="">Append 'C:\Program Files\Bowne\Published GDB ETL\Output\Stager Published Gdb.gdb\CommonPlace_Source' "C:\Program Files\Bowne\Published GDB ETL\Output\Stager Published Gdb.gdb\CommonPlace" NO_TEST "SEGMENTID 'SEGMENTID' true true false 4 Long 0 0 ,First,#,C:\Program Files\Bowne\Published GDB ETL\Output\Stager Published Gdb.gdb\CommonPlace_Source,SEGMENTID,-1,-1;COMPLEXID 'COMPLEXID' true true false 4 Long 0 0 ,First,#,C:\Program Files\Bowne\Published GDB ETL\Output\Stager Published Gdb.gdb\CommonPlace_Source,COMPLEXID,-1,-1;SAFTYPE 'SAFTYPE' true true false 1 Text 0 0 ,First,#,C:\Program Files\Bowne\Published GDB ETL\Output\Stager Published Gdb.gdb\CommonPlace_Source,SAFTYPE,-1,-1;SOSINDICATOR 'SOSINDICATOR' true true false 1 Text 0 0 ,First,#,C:\Program Files\Bowne\Published GDB ETL\Output\Stager Published Gdb.gdb\CommonPlace_Source,SOSINDICATOR,-1,-1;PLACEID 'PLACEID' true true false 4 Long 0 0 ,First,#,C:\Program Files\Bowne\Published GDB ETL\Output\Stager Published Gdb.gdb\CommonPlace_Source,PLACEID,-1,-1;FACILITY_DOMAINS 'FACILITY_DOMAINS' true true false 50 Text 0 0 ,First,#,C:\Program Files\Bowne\Published GDB ETL\Output\Stager Published Gdb.gdb\CommonPlace_Source,FACILITY_DOMAINS,-1,-1;BIN 'BIN' true true false 4 Long 0 0 ,First,#,C:\Program Files\Bowne\Published GDB ETL\Output\Stager Published Gdb.gdb\CommonPlace_Source,BIN,-1,-1;BOROUGHCODE 'BOROUGHCODE' true true false 1 Text 0 0 ,First,#,C:\Program Files\Bowne\Published GDB ETL\Output\Stager Published Gdb.gdb\CommonPlace_Source,BOROUGHCODE,-1,-1;SOURCEID 'SOURCEID' true true false 20 Text 0 0 ,First,#,C:\Program Files\Bowne\Published GDB ETL\Output\Stager Published Gdb.gdb\CommonPlace_Source,SOURCEID,-1,-1;CREATED_BY 'CREATED_BY' true true false 50 Text 0 0 ,First,#,C:\Program Files\Bowne\Published GDB ETL\Output\Stager Published Gdb.gdb\CommonPlace_Source,CREATED_BY,-1,-1;CREATED_DATE 'CREATED_DATE' true true false 8 Date 0 0 ,First,#,C:\Program Files\Bowne\Published GDB ETL\Output\Stager Published Gdb.gdb\CommonPlace_Source,CREATED_DATE,-1,-1;MODIFIED_BY 'MODIFIED_BY' true true false 50 Text 0 0 ,First,#,C:\Program Files\Bowne\Published GDB ETL\Output\Stager Published Gdb.gdb\CommonPlace_Source,MODIFIED_BY,-1,-1;MODIFIED_DATE 'MODIFIED_DATE' true true false 8 Date 0 0 ,First,#,C:\Program Files\Bowne\Published GDB ETL\Output\Stager Published Gdb.gdb\CommonPlace_Source,MODIFIED_DATE,-1,-1;FACILITY_TYPE 'FACILITY_TYPE' true true false 2 Short 0 0 ,First,#,C:\Program Files\Bowne\Published GDB ETL\Output\Stager Published Gdb.gdb\CommonPlace_Source,FACILITY_TYPE,-1,-1;SOURCE 'SOURCE' true true false 5 Text 0 0 ,First,#,C:\Program Files\Bowne\Published GDB ETL\Output\Stager Published Gdb.gdb\CommonPlace_Source,SOURCE,-1,-1;B7SC 'B7SC' true true false 8 Text 0 0 ,First,#,C:\Program Files\Bowne\Published GDB ETL\Output\Stager Published Gdb.gdb\CommonPlace_Source,B7SC,-1,-1;PRIMARYADDRESSPOINTID 'PRIMARYADDRESSPOINTID' true true false 8 Double 0 0 ,First,#,C:\Program Files\Bowne\Published GDB ETL\Output\Stager Published Gdb.gdb\CommonPlace_Source,PRIMARYADDRESSPOINTID,-1,-1;FEATURE_NAME 'FEATURE_NAME' true true false 100 Text 0 0 ,First,#" # "C:\Program Files\Bowne\Published GDB ETL\Output\Stager Published Gdb.gdb\CommonPlace"</Process><Process ToolSource="C:\Program Files\ArcGIS\ArcToolbox\Toolboxes\Data Management Tools.tbx\CopyFeatures" Date="20120317" Time="164434" Name="" export="">CopyFeatures GPL0 "C:\Program Files\Bowne\Published GDB ETL\Connection\cscl_pub@csclprd.sde\CSCL_PUB.CommonPlace" CSCL_PUB 0 0 0</Process><Process ToolSource="C:\Program Files\ArcGIS\ArcToolbox\Toolboxes\Data Management Tools.tbx\DeleteFeatures" Date="20120325" Time="025512" Name="" export="">DeleteFeatures "C:\Program Files\Bowne\Published GDB ETL\Connection\cscl_pub@csclprd.sde\CSCL_PUB.CommonPlace" "C:\Program Files\Bowne\Published GDB ETL\Connection\cscl_pub@csclprd.sde\CSCL_PUB.CommonPlace"</Process><Process ToolSource="C:\Program Files\ArcGIS\ArcToolbox\Toolboxes\Data Management Tools.tbx\Append" Date="20120325" Time="025541" Name="" export="">Append GPL0 "C:\Program Files\Bowne\Published GDB ETL\Connection\cscl_pub@csclprd.sde\CSCL_PUB.CommonPlace" TEST # # "C:\Program Files\Bowne\Published GDB ETL\Connection\cscl_pub@csclprd.sde\CSCL_PUB.CommonPlace"</Process><Process ToolSource="C:\Program Files\ArcGIS\ArcToolbox\Toolboxes\Data Management Tools.tbx\DeleteFeatures" Date="20120331" Time="222246" Name="" export="">DeleteFeatures "C:\Program Files\Bowne\Published GDB ETL\Connection\cscl_pub@csclprd.sde\CSCL_PUB.CommonPlace" "C:\Program Files\Bowne\Published GDB ETL\Connection\cscl_pub@csclprd.sde\CSCL_PUB.CommonPlace"</Process><Process ToolSource="C:\Program Files\ArcGIS\ArcToolbox\Toolboxes\Data Management Tools.tbx\Append" Date="20120331" Time="222315" Name="" export="">Append GPL0 "C:\Program Files\Bowne\Published GDB ETL\Connection\cscl_pub@csclprd.sde\CSCL_PUB.CommonPlace" TEST # # "C:\Program Files\Bowne\Published GDB ETL\Connection\cscl_pub@csclprd.sde\CSCL_PUB.CommonPlace"</Process><Process ToolSource="C:\Program Files\ArcGIS\ArcToolbox\Toolboxes\Data Management Tools.tbx\DeleteFeatures" Date="20120408" Time="014935" Name="" export="">DeleteFeatures "C:\Program Files\Bowne\Published GDB ETL\Connection\cscl_pub@csclprd.sde\CSCL_PUB.CommonPlace" "C:\Program Files\Bowne\Published GDB ETL\Connection\cscl_pub@csclprd.sde\CSCL_PUB.CommonPlace"</Process><Process ToolSource="C:\Program Files\ArcGIS\ArcToolbox\Toolboxes\Data Management Tools.tbx\Append" Date="20120408" Time="015010" Name="" export="">Append GPL0 "C:\Program Files\Bowne\Published GDB ETL\Connection\cscl_pub@csclprd.sde\CSCL_PUB.CommonPlace" TEST # # "C:\Program Files\Bowne\Published GDB ETL\Connection\cscl_pub@csclprd.sde\CSCL_PUB.CommonPlace"</Process><Process ToolSource="C:\Program Files\ArcGIS\ArcToolbox\Toolboxes\Data Management Tools.tbx\DeleteFeatures" Date="20120415" Time="012849" Name="" export="">DeleteFeatures "C:\Program Files\Bowne\Published GDB ETL\Connection\cscl_pub@csclprd.sde\CSCL_PUB.CommonPlace" "C:\Program Files\Bowne\Published GDB ETL\Connection\cscl_pub@csclprd.sde\CSCL_PUB.CommonPlace"</Process><Process ToolSource="C:\Program Files\ArcGIS\ArcToolbox\Toolboxes\Data Management Tools.tbx\Append" Date="20120415" Time="012925" Name="" export="">Append GPL0 "C:\Program Files\Bowne\Published GDB ETL\Connection\cscl_pub@csclprd.sde\CSCL_PUB.CommonPlace" TEST # # "C:\Program Files\Bowne\Published GDB ETL\Connection\cscl_pub@csclprd.sde\CSCL_PUB.CommonPlace"</Process><Process ToolSource="C:\Program Files\ArcGIS\ArcToolbox\Toolboxes\Data Management Tools.tbx\DeleteFeatures" Date="20120422" Time="013918" Name="" export="">DeleteFeatures "C:\Program Files\Bowne\Published GDB ETL\Connection\cscl_pub@csclprd.sde\CSCL_PUB.CommonPlace" "C:\Program Files\Bowne\Published GDB ETL\Connection\cscl_pub@csclprd.sde\CSCL_PUB.CommonPlace"</Process><Process ToolSource="C:\Program Files\ArcGIS\ArcToolbox\Toolboxes\Data Management Tools.tbx\Append" Date="20120422" Time="014002" Name="" export="">Append GPL0 "C:\Program Files\Bowne\Published GDB ETL\Connection\cscl_pub@csclprd.sde\CSCL_PUB.CommonPlace" TEST # # "C:\Program Files\Bowne\Published GDB ETL\Connection\cscl_pub@csclprd.sde\CSCL_PUB.CommonPlace"</Process><Process ToolSource="C:\Program Files\ArcGIS\ArcToolbox\Toolboxes\Data Management Tools.tbx\DeleteFeatures" Date="20120501" Time="092405" Name="" export="">DeleteFeatures "C:\Program Files\Bowne\Published GDB ETL\Connection\cscl_pub@csclprd.sde\CSCL_PUB.CommonPlace" "C:\Program Files\Bowne\Published GDB ETL\Connection\cscl_pub@csclprd.sde\CSCL_PUB.CommonPlace"</Process><Process ToolSource="C:\Program Files\ArcGIS\ArcToolbox\Toolboxes\Data Management Tools.tbx\Append" Date="20120501" Time="092426" Name="" export="">Append GPL0 "C:\Program Files\Bowne\Published GDB ETL\Connection\cscl_pub@csclprd.sde\CSCL_PUB.CommonPlace" TEST # # "C:\Program Files\Bowne\Published GDB ETL\Connection\cscl_pub@csclprd.sde\CSCL_PUB.CommonPlace"</Process><Process ToolSource="C:\Program Files\ArcGIS\ArcToolbox\Toolboxes\Data Management Tools.tbx\DeleteFeatures" Date="20120505" Time="205212" Name="" export="">DeleteFeatures "C:\Program Files\Bowne\Published GDB ETL\Connection\cscl_pub@csclprd.sde\CSCL_PUB.CommonPlace" "C:\Program Files\Bowne\Published GDB ETL\Connection\cscl_pub@csclprd.sde\CSCL_PUB.CommonPlace"</Process><Process ToolSource="C:\Program Files\ArcGIS\ArcToolbox\Toolboxes\Data Management Tools.tbx\Append" Date="20120505" Time="205231" Name="" export="">Append GPL0 "C:\Program Files\Bowne\Published GDB ETL\Connection\cscl_pub@csclprd.sde\CSCL_PUB.CommonPlace" TEST # # "C:\Program Files\Bowne\Published GDB ETL\Connection\cscl_pub@csclprd.sde\CSCL_PUB.CommonPlace"</Process><Process ToolSource="C:\Program Files\ArcGIS\ArcToolbox\Toolboxes\Data Management Tools.tbx\DeleteFeatures" Date="20120513" Time="020458" Name="" export="">DeleteFeatures "C:\Program Files\Bowne\Published GDB ETL\Connection\cscl_pub@csclprd.sde\CSCL_PUB.CommonPlace" "C:\Program Files\Bowne\Published GDB ETL\Connection\cscl_pub@csclprd.sde\CSCL_PUB.CommonPlace"</Process><Process ToolSource="C:\Program Files\ArcGIS\ArcToolbox\Toolboxes\Data Management Tools.tbx\Append" Date="20120513" Time="020531" Name="" export="">Append GPL0 "C:\Program Files\Bowne\Published GDB ETL\Connection\cscl_pub@csclprd.sde\CSCL_PUB.CommonPlace" TEST # # "C:\Program Files\Bowne\Published GDB ETL\Connection\cscl_pub@csclprd.sde\CSCL_PUB.CommonPlace"</Process><Process ToolSource="C:\Program Files\ArcGIS\ArcToolbox\Toolboxes\Data Management Tools.tbx\DeleteFeatures" Date="20120520" Time="040518" Name="" export="">DeleteFeatures "C:\Program Files\Bowne\Published GDB ETL\Connection\cscl_pub@csclprd.sde\CSCL_PUB.CommonPlace" "C:\Program Files\Bowne\Published GDB ETL\Connection\cscl_pub@csclprd.sde\CSCL_PUB.CommonPlace"</Process><Process ToolSource="C:\Program Files\ArcGIS\ArcToolbox\Toolboxes\Data Management Tools.tbx\Append" Date="20120520" Time="040825" Name="" export="">Append GPL0 "C:\Program Files\Bowne\Published GDB ETL\Connection\cscl_pub@csclprd.sde\CSCL_PUB.CommonPlace" TEST # # "C:\Program Files\Bowne\Published GDB ETL\Connection\cscl_pub@csclprd.sde\CSCL_PUB.CommonPlace"</Process><Process ToolSource="C:\Program Files\ArcGIS\ArcToolbox\Toolboxes\Data Management Tools.tbx\DeleteFeatures" Date="20120527" Time="012457" Name="" export="">DeleteFeatures "C:\Program Files\Bowne\Published GDB ETL\Connection\cscl_pub@csclprd.sde\CSCL_PUB.CommonPlace" "C:\Program Files\Bowne\Published GDB ETL\Connection\cscl_pub@csclprd.sde\CSCL_PUB.CommonPlace"</Process><Process ToolSource="C:\Program Files\ArcGIS\ArcToolbox\Toolboxes\Data Management Tools.tbx\Append" Date="20120527" Time="012534" Name="" export="">Append GPL0 "C:\Program Files\Bowne\Published GDB ETL\Connection\cscl_pub@csclprd.sde\CSCL_PUB.CommonPlace" TEST # # "C:\Program Files\Bowne\Published GDB ETL\Connection\cscl_pub@csclprd.sde\CSCL_PUB.CommonPlace"</Process><Process ToolSource="C:\Program Files\ArcGIS\ArcToolbox\Toolboxes\Data Management Tools.tbx\DeleteFeatures" Date="20120603" Time="020905" Name="" export="">DeleteFeatures "C:\Program Files\Bowne\Published GDB ETL\Connection\cscl_pub@csclprd.sde\CSCL_PUB.CommonPlace" "C:\Program Files\Bowne\Published GDB ETL\Connection\cscl_pub@csclprd.sde\CSCL_PUB.CommonPlace"</Process><Process ToolSource="C:\Program Files\ArcGIS\ArcToolbox\Toolboxes\Data Management Tools.tbx\Append" Date="20120603" Time="020938" Name="" export="">Append GPL0 "C:\Program Files\Bowne\Published GDB ETL\Connection\cscl_pub@csclprd.sde\CSCL_PUB.CommonPlace" TEST # # "C:\Program Files\Bowne\Published GDB ETL\Connection\cscl_pub@csclprd.sde\CSCL_PUB.CommonPlace"</Process><Process ToolSource="C:\Program Files\ArcGIS\ArcToolbox\Toolboxes\Data Management Tools.tbx\DeleteFeatures" Date="20120609" Time="212756" Name="" export="">DeleteFeatures "C:\Program Files\Bowne\Published GDB ETL\Connection\cscl_pub@csclprd.sde\CSCL_PUB.CommonPlace" "C:\Program Files\Bowne\Published GDB ETL\Connection\cscl_pub@csclprd.sde\CSCL_PUB.CommonPlace"</Process><Process ToolSource="C:\Program Files\ArcGIS\ArcToolbox\Toolboxes\Data Management Tools.tbx\Append" Date="20120609" Time="212815" Name="" export="">Append GPL0 "C:\Program Files\Bowne\Published GDB ETL\Connection\cscl_pub@csclprd.sde\CSCL_PUB.CommonPlace" TEST # # "C:\Program Files\Bowne\Published GDB ETL\Connection\cscl_pub@csclprd.sde\CSCL_PUB.CommonPlace"</Process><Process ToolSource="C:\Program Files\ArcGIS\ArcToolbox\Toolboxes\Data Management Tools.tbx\DeleteFeatures" Date="20120617" Time="011652" Name="" export="">DeleteFeatures "C:\Program Files\Bowne\Published GDB ETL\Connection\cscl_pub@csclprd.sde\CSCL_PUB.CommonPlace" "C:\Program Files\Bowne\Published GDB ETL\Connection\cscl_pub@csclprd.sde\CSCL_PUB.CommonPlace"</Process><Process ToolSource="C:\Program Files\ArcGIS\ArcToolbox\Toolboxes\Data Management Tools.tbx\Append" Date="20120617" Time="011744" Name="" export="">Append GPL0 "C:\Program Files\Bowne\Published GDB ETL\Connection\cscl_pub@csclprd.sde\CSCL_PUB.CommonPlace" TEST # # "C:\Program Files\Bowne\Published GDB ETL\Connection\cscl_pub@csclprd.sde\CSCL_PUB.CommonPlace"</Process><Process ToolSource="C:\Program Files\ArcGIS\ArcToolbox\Toolboxes\Data Management Tools.tbx\DeleteFeatures" Date="20120624" Time="010647" Name="" export="">DeleteFeatures "C:\Program Files\Bowne\Published GDB ETL\Connection\cscl_pub@csclprd.sde\CSCL_PUB.CommonPlace" "C:\Program Files\Bowne\Published GDB ETL\Connection\cscl_pub@csclprd.sde\CSCL_PUB.CommonPlace"</Process><Process ToolSource="C:\Program Files\ArcGIS\ArcToolbox\Toolboxes\Data Management Tools.tbx\Append" Date="20120624" Time="010725" Name="" export="">Append GPL0 "C:\Program Files\Bowne\Published GDB ETL\Connection\cscl_pub@csclprd.sde\CSCL_PUB.CommonPlace" TEST # # "C:\Program Files\Bowne\Published GDB ETL\Connection\cscl_pub@csclprd.sde\CSCL_PUB.CommonPlace"</Process><Process ToolSource="C:\Program Files\ArcGIS\ArcToolbox\Toolboxes\Data Management Tools.tbx\DeleteFeatures" Date="20120701" Time="014900" Name="" export="">DeleteFeatures "C:\Program Files\Bowne\Published GDB ETL\Connection\cscl_pub@csclprd.sde\CSCL_PUB.CommonPlace" "C:\Program Files\Bowne\Published GDB ETL\Connection\cscl_pub@csclprd.sde\CSCL_PUB.CommonPlace"</Process><Process ToolSource="C:\Program Files\ArcGIS\ArcToolbox\Toolboxes\Data Management Tools.tbx\Append" Date="20120701" Time="014947" Name="" export="">Append GPL0 "C:\Program Files\Bowne\Published GDB ETL\Connection\cscl_pub@csclprd.sde\CSCL_PUB.CommonPlace" TEST # # "C:\Program Files\Bowne\Published GDB ETL\Connection\cscl_pub@csclprd.sde\CSCL_PUB.CommonPlace"</Process><Process ToolSource="C:\Program Files\ArcGIS\ArcToolbox\Toolboxes\Data Management Tools.tbx\DeleteFeatures" Date="20120707" Time="234453" Name="" export="">DeleteFeatures "C:\Program Files\Bowne\Published GDB ETL\Connection\cscl_pub@csclprd.sde\CSCL_PUB.CommonPlace" "C:\Program Files\Bowne\Published GDB ETL\Connection\cscl_pub@csclprd.sde\CSCL_PUB.CommonPlace"</Process><Process ToolSource="C:\Program Files\ArcGIS\ArcToolbox\Toolboxes\Data Management Tools.tbx\Append" Date="20120707" Time="234629" Name="" export="">Append GPL0 "C:\Program Files\Bowne\Published GDB ETL\Connection\cscl_pub@csclprd.sde\CSCL_PUB.CommonPlace" TEST # # "C:\Program Files\Bowne\Published GDB ETL\Connection\cscl_pub@csclprd.sde\CSCL_PUB.CommonPlace"</Process><Process ToolSource="C:\Program Files\ArcGIS\ArcToolbox\Toolboxes\Data Management Tools.tbx\DeleteFeatures" Date="20120715" Time="015327" Name="" export="">DeleteFeatures "C:\Program Files\Bowne\Published GDB ETL\Connection\cscl_pub@csclprd.sde\CSCL_PUB.CommonPlace" "C:\Program Files\Bowne\Published GDB ETL\Connection\cscl_pub@csclprd.sde\CSCL_PUB.CommonPlace"</Process><Process ToolSource="C:\Program Files\ArcGIS\ArcToolbox\Toolboxes\Data Management Tools.tbx\Append" Date="20120715" Time="015406" Name="" export="">Append GPL0 "C:\Program Files\Bowne\Published GDB ETL\Connection\cscl_pub@csclprd.sde\CSCL_PUB.CommonPlace" TEST # # "C:\Program Files\Bowne\Published GDB ETL\Connection\cscl_pub@csclprd.sde\CSCL_PUB.CommonPlace"</Process><Process ToolSource="C:\Program Files\ArcGIS\ArcToolbox\Toolboxes\Data Management Tools.tbx\DeleteFeatures" Date="20120722" Time="013252" Name="" export="">DeleteFeatures "C:\Program Files\Bowne\Published GDB ETL\Connection\cscl_pub@csclprd.sde\CSCL_PUB.CommonPlace" "C:\Program Files\Bowne\Published GDB ETL\Connection\cscl_pub@csclprd.sde\CSCL_PUB.CommonPlace"</Process><Process ToolSource="C:\Program Files\ArcGIS\ArcToolbox\Toolboxes\Data Management Tools.tbx\Append" Date="20120722" Time="013333" Name="" export="">Append GPL0 "C:\Program Files\Bowne\Published GDB ETL\Connection\cscl_pub@csclprd.sde\CSCL_PUB.CommonPlace" TEST # # "C:\Program Files\Bowne\Published GDB ETL\Connection\cscl_pub@csclprd.sde\CSCL_PUB.CommonPlace"</Process><Process ToolSource="C:\Program Files\ArcGIS\ArcToolbox\Toolboxes\Data Management Tools.tbx\DeleteFeatures" Date="20120729" Time="033358" Name="" export="">DeleteFeatures "C:\Program Files\Bowne\Published GDB ETL\Connection\cscl_pub@csclprd.sde\CSCL_PUB.CommonPlace" "C:\Program Files\Bowne\Published GDB ETL\Connection\cscl_pub@csclprd.sde\CSCL_PUB.CommonPlace"</Process><Process ToolSource="C:\Program Files\ArcGIS\ArcToolbox\Toolboxes\Data Management Tools.tbx\Append" Date="20120729" Time="033423" Name="" export="">Append GPL0 "C:\Program Files\Bowne\Published GDB ETL\Connection\cscl_pub@csclprd.sde\CSCL_PUB.CommonPlace" TEST # # "C:\Program Files\Bowne\Published GDB ETL\Connection\cscl_pub@csclprd.sde\CSCL_PUB.CommonPlace"</Process><Process ToolSource="C:\Program Files\ArcGIS\ArcToolbox\Toolboxes\Data Management Tools.tbx\DeleteFeatures" Date="20120805" Time="001616" Name="" export="">DeleteFeatures "C:\Program Files\Bowne\Published GDB ETL\Connection\cscl_pub@csclprd.sde\CSCL_PUB.CommonPlace" "C:\Program Files\Bowne\Published GDB ETL\Connection\cscl_pub@csclprd.sde\CSCL_PUB.CommonPlace"</Process><Process ToolSource="C:\Program Files\ArcGIS\ArcToolbox\Toolboxes\Data Management Tools.tbx\Append" Date="20120805" Time="001722" Name="" export="">Append GPL0 "C:\Program Files\Bowne\Published GDB ETL\Connection\cscl_pub@csclprd.sde\CSCL_PUB.CommonPlace" TEST # # "C:\Program Files\Bowne\Published GDB ETL\Connection\cscl_pub@csclprd.sde\CSCL_PUB.CommonPlace"</Process><Process ToolSource="C:\Program Files\ArcGIS\ArcToolbox\Toolboxes\Data Management Tools.tbx\DeleteFeatures" Date="20120812" Time="013742" Name="" export="">DeleteFeatures "C:\Program Files\Bowne\Published GDB ETL\Connection\cscl_pub@csclprd.sde\CSCL_PUB.CommonPlace" "C:\Program Files\Bowne\Published GDB ETL\Connection\cscl_pub@csclprd.sde\CSCL_PUB.CommonPlace"</Process><Process ToolSource="C:\Program Files\ArcGIS\ArcToolbox\Toolboxes\Data Management Tools.tbx\Append" Date="20120812" Time="013837" Name="" export="">Append GPL0 "C:\Program Files\Bowne\Published GDB ETL\Connection\cscl_pub@csclprd.sde\CSCL_PUB.CommonPlace" TEST # # "C:\Program Files\Bowne\Published GDB ETL\Connection\cscl_pub@csclprd.sde\CSCL_PUB.CommonPlace"</Process><Process ToolSource="C:\Program Files\ArcGIS\ArcToolbox\Toolboxes\Data Management Tools.tbx\DeleteFeatures" Date="20120818" Time="235549" Name="" export="">DeleteFeatures "C:\Program Files\Bowne\Published GDB ETL\Connection\cscl_pub@csclprd.sde\CSCL_PUB.CommonPlace" "C:\Program Files\Bowne\Published GDB ETL\Connection\cscl_pub@csclprd.sde\CSCL_PUB.CommonPlace"</Process><Process ToolSource="C:\Program Files\ArcGIS\ArcToolbox\Toolboxes\Data Management Tools.tbx\Append" Date="20120818" Time="235640" Name="" export="">Append GPL0 "C:\Program Files\Bowne\Published GDB ETL\Connection\cscl_pub@csclprd.sde\CSCL_PUB.CommonPlace" TEST # # "C:\Program Files\Bowne\Published GDB ETL\Connection\cscl_pub@csclprd.sde\CSCL_PUB.CommonPlace"</Process><Process ToolSource="C:\Program Files\ArcGIS\ArcToolbox\Toolboxes\Data Management Tools.tbx\DeleteFeatures" Date="20120826" Time="003947" Name="" export="">DeleteFeatures "C:\Program Files\Bowne\Published GDB ETL\Connection\cscl_pub@csclprd.sde\CSCL_PUB.CommonPlace" "C:\Program Files\Bowne\Published GDB ETL\Connection\cscl_pub@csclprd.sde\CSCL_PUB.CommonPlace"</Process><Process ToolSource="C:\Program Files\ArcGIS\ArcToolbox\Toolboxes\Data Management Tools.tbx\Append" Date="20120826" Time="004047" Name="" export="">Append GPL0 "C:\Program Files\Bowne\Published GDB ETL\Connection\cscl_pub@csclprd.sde\CSCL_PUB.CommonPlace" TEST # # "C:\Program Files\Bowne\Published GDB ETL\Connection\cscl_pub@csclprd.sde\CSCL_PUB.CommonPlace"</Process><Process ToolSource="C:\Program Files\ArcGIS\ArcToolbox\Toolboxes\Data Management Tools.tbx\DeleteFeatures" Date="20120901" Time="142604" Name="" export="">DeleteFeatures "C:\Program Files\Bowne\Published GDB ETL\Connection\cscl_pub@csclprd.sde\CSCL_PUB.CommonPlace" "C:\Program Files\Bowne\Published GDB ETL\Connection\cscl_pub@csclprd.sde\CSCL_PUB.CommonPlace"</Process><Process ToolSource="C:\Program Files\ArcGIS\ArcToolbox\Toolboxes\Data Management Tools.tbx\Append" Date="20120901" Time="142626" Name="" export="">Append GPL0 "C:\Program Files\Bowne\Published GDB ETL\Connection\cscl_pub@csclprd.sde\CSCL_PUB.CommonPlace" TEST # # "C:\Program Files\Bowne\Published GDB ETL\Connection\cscl_pub@csclprd.sde\CSCL_PUB.CommonPlace"</Process><Process ToolSource="C:\Program Files\ArcGIS\ArcToolbox\Toolboxes\Data Management Tools.tbx\DeleteFeatures" Date="20121013" Time="165556" Name="" export="">DeleteFeatures "C:\Program Files\Bowne\Published GDB ETL\Connection\cscl_pub@csclprd.sde\CSCL_PUB.CommonPlace" "C:\Program Files\Bowne\Published GDB ETL\Connection\cscl_pub@csclprd.sde\CSCL_PUB.CommonPlace"</Process><Process ToolSource="C:\Program Files\ArcGIS\ArcToolbox\Toolboxes\Data Management Tools.tbx\DeleteFeatures" Date="20121111" Time="054740" Name="" export="">DeleteFeatures "C:\Program Files\Bowne\Published GDB ETL\Connection\cscl_pub@csclprd.sde\CSCL_PUB.CommonPlace" "C:\Program Files\Bowne\Published GDB ETL\Connection\cscl_pub@csclprd.sde\CSCL_PUB.CommonPlace"</Process><Process ToolSource="C:\Program Files\ArcGIS\ArcToolbox\Toolboxes\Data Management Tools.tbx\Append" Date="20121111" Time="054803" Name="" export="">Append GPL0 "C:\Program Files\Bowne\Published GDB ETL\Connection\cscl_pub@csclprd.sde\CSCL_PUB.CommonPlace" TEST # # "C:\Program Files\Bowne\Published GDB ETL\Connection\cscl_pub@csclprd.sde\CSCL_PUB.CommonPlace"</Process><Process ToolSource="C:\Program Files\ArcGIS\ArcToolbox\Toolboxes\Data Management Tools.tbx\DeleteFeatures" Date="20121118" Time="045639" Name="" export="">DeleteFeatures "C:\Program Files\Bowne\Published GDB ETL\Connection\cscl_pub@csclprd.sde\CSCL_PUB.CommonPlace" "C:\Program Files\Bowne\Published GDB ETL\Connection\cscl_pub@csclprd.sde\CSCL_PUB.CommonPlace"</Process><Process ToolSource="C:\Program Files\ArcGIS\ArcToolbox\Toolboxes\Data Management Tools.tbx\Append" Date="20121118" Time="045704" Name="" export="">Append GPL0 "C:\Program Files\Bowne\Published GDB ETL\Connection\cscl_pub@csclprd.sde\CSCL_PUB.CommonPlace" TEST # # "C:\Program Files\Bowne\Published GDB ETL\Connection\cscl_pub@csclprd.sde\CSCL_PUB.CommonPlace"</Process><Process ToolSource="C:\Program Files\ArcGIS\ArcToolbox\Toolboxes\Data Management Tools.tbx\DeleteFeatures" Date="20121125" Time="054241" Name="" export="">DeleteFeatures "C:\Program Files\Bowne\Published GDB ETL\Connection\cscl_pub@csclprd.sde\CSCL_PUB.CommonPlace" "C:\Program Files\Bowne\Published GDB ETL\Connection\cscl_pub@csclprd.sde\CSCL_PUB.CommonPlace"</Process><Process ToolSource="C:\Program Files\ArcGIS\ArcToolbox\Toolboxes\Data Management Tools.tbx\Append" Date="20121125" Time="054308" Name="" export="">Append GPL0 "C:\Program Files\Bowne\Published GDB ETL\Connection\cscl_pub@csclprd.sde\CSCL_PUB.CommonPlace" TEST # # "C:\Program Files\Bowne\Published GDB ETL\Connection\cscl_pub@csclprd.sde\CSCL_PUB.CommonPlace"</Process><Process ToolSource="C:\Program Files\ArcGIS\ArcToolbox\Toolboxes\Data Management Tools.tbx\DeleteFeatures" Date="20121211" Time="104405" Name="" export="">DeleteFeatures "C:\Program Files\Bowne\Published GDB ETL\Connection\cscl_pub@csclprd.sde\CSCL_PUB.CommonPlace" "C:\Program Files\Bowne\Published GDB ETL\Connection\cscl_pub@csclprd.sde\CSCL_PUB.CommonPlace"</Process><Process ToolSource="C:\Program Files\ArcGIS\ArcToolbox\Toolboxes\Data Management Tools.tbx\Append" Date="20121211" Time="104424" Name="" export="">Append GPL0 "C:\Program Files\Bowne\Published GDB ETL\Connection\cscl_pub@csclprd.sde\CSCL_PUB.CommonPlace" TEST # # "C:\Program Files\Bowne\Published GDB ETL\Connection\cscl_pub@csclprd.sde\CSCL_PUB.CommonPlace"</Process><Process ToolSource="C:\Program Files\ArcGIS\ArcToolbox\Toolboxes\Data Management Tools.tbx\DeleteFeatures" Date="20121219" Time="100629" Name="" export="">DeleteFeatures "C:\Program Files\Bowne\Published GDB ETL\Connection\cscl_pub@csclprd.sde\CSCL_PUB.CommonPlace" "C:\Program Files\Bowne\Published GDB ETL\Connection\cscl_pub@csclprd.sde\CSCL_PUB.CommonPlace"</Process><Process ToolSource="C:\Program Files\ArcGIS\ArcToolbox\Toolboxes\Data Management Tools.tbx\Append" Date="20121219" Time="100650" Name="" export="">Append GPL0 "C:\Program Files\Bowne\Published GDB ETL\Connection\cscl_pub@csclprd.sde\CSCL_PUB.CommonPlace" TEST # # "C:\Program Files\Bowne\Published GDB ETL\Connection\cscl_pub@csclprd.sde\CSCL_PUB.CommonPlace"</Process><Process ToolSource="C:\Program Files\ArcGIS\ArcToolbox\Toolboxes\Data Management Tools.tbx\DeleteFeatures" Date="20121223" Time="055108" Name="" export="">DeleteFeatures "C:\Program Files\Bowne\Published GDB ETL\Connection\cscl_pub@csclprd.sde\CSCL_PUB.CommonPlace" "C:\Program Files\Bowne\Published GDB ETL\Connection\cscl_pub@csclprd.sde\CSCL_PUB.CommonPlace"</Process><Process ToolSource="C:\Program Files\ArcGIS\ArcToolbox\Toolboxes\Data Management Tools.tbx\Append" Date="20121223" Time="055130" Name="" export="">Append GPL0 "C:\Program Files\Bowne\Published GDB ETL\Connection\cscl_pub@csclprd.sde\CSCL_PUB.CommonPlace" TEST # # "C:\Program Files\Bowne\Published GDB ETL\Connection\cscl_pub@csclprd.sde\CSCL_PUB.CommonPlace"</Process><Process ToolSource="C:\Program Files\ArcGIS\ArcToolbox\Toolboxes\Data Management Tools.tbx\DeleteFeatures" Date="20121230" Time="054550" Name="" export="">DeleteFeatures "C:\Program Files\Bowne\Published GDB ETL\Connection\cscl_pub@csclprd.sde\CSCL_PUB.CommonPlace" "C:\Program Files\Bowne\Published GDB ETL\Connection\cscl_pub@csclprd.sde\CSCL_PUB.CommonPlace"</Process><Process ToolSource="C:\Program Files\ArcGIS\ArcToolbox\Toolboxes\Data Management Tools.tbx\Append" Date="20121230" Time="054616" Name="" export="">Append GPL0 "C:\Program Files\Bowne\Published GDB ETL\Connection\cscl_pub@csclprd.sde\CSCL_PUB.CommonPlace" TEST # # "C:\Program Files\Bowne\Published GDB ETL\Connection\cscl_pub@csclprd.sde\CSCL_PUB.CommonPlace"</Process><Process ToolSource="C:\Program Files\ArcGIS\ArcToolbox\Toolboxes\Data Management Tools.tbx\DeleteFeatures" Date="20130106" Time="065308" Name="" export="">DeleteFeatures "C:\Program Files\Bowne\Published GDB ETL\Connection\cscl_pub@csclprd.sde\CSCL_PUB.CommonPlace" "C:\Program Files\Bowne\Published GDB ETL\Connection\cscl_pub@csclprd.sde\CSCL_PUB.CommonPlace"</Process><Process ToolSource="C:\Program Files\ArcGIS\ArcToolbox\Toolboxes\Data Management Tools.tbx\Append" Date="20130106" Time="065332" Name="" export="">Append GPL0 "C:\Program Files\Bowne\Published GDB ETL\Connection\cscl_pub@csclprd.sde\CSCL_PUB.CommonPlace" TEST # # "C:\Program Files\Bowne\Published GDB ETL\Connection\cscl_pub@csclprd.sde\CSCL_PUB.CommonPlace"</Process><Process ToolSource="C:\Program Files\ArcGIS\ArcToolbox\Toolboxes\Data Management Tools.tbx\DeleteFeatures" Date="20130113" Time="082919" Name="" export="">DeleteFeatures "C:\Program Files\Bowne\Published GDB ETL\Connection\cscl_pub@csclprd.sde\CSCL_PUB.CommonPlace" "C:\Program Files\Bowne\Published GDB ETL\Connection\cscl_pub@csclprd.sde\CSCL_PUB.CommonPlace"</Process><Process ToolSource="C:\Program Files\ArcGIS\ArcToolbox\Toolboxes\Data Management Tools.tbx\Append" Date="20130113" Time="082937" Name="" export="">Append GPL0 "C:\Program Files\Bowne\Published GDB ETL\Connection\cscl_pub@csclprd.sde\CSCL_PUB.CommonPlace" TEST # # "C:\Program Files\Bowne\Published GDB ETL\Connection\cscl_pub@csclprd.sde\CSCL_PUB.CommonPlace"</Process><Process ToolSource="C:\Program Files\ArcGIS\ArcToolbox\Toolboxes\Data Management Tools.tbx\DeleteFeatures" Date="20130120" Time="065346" Name="" export="">DeleteFeatures "C:\Program Files\Bowne\Published GDB ETL\Connection\cscl_pub@csclprd.sde\CSCL_PUB.CommonPlace" "C:\Program Files\Bowne\Published GDB ETL\Connection\cscl_pub@csclprd.sde\CSCL_PUB.CommonPlace"</Process><Process ToolSource="C:\Program Files\ArcGIS\ArcToolbox\Toolboxes\Data Management Tools.tbx\Append" Date="20130120" Time="065406" Name="" export="">Append GPL0 "C:\Program Files\Bowne\Published GDB ETL\Connection\cscl_pub@csclprd.sde\CSCL_PUB.CommonPlace" TEST # # "C:\Program Files\Bowne\Published GDB ETL\Connection\cscl_pub@csclprd.sde\CSCL_PUB.CommonPlace"</Process><Process ToolSource="C:\Program Files\ArcGIS\ArcToolbox\Toolboxes\Data Management Tools.tbx\DeleteFeatures" Date="20130127" Time="073642" Name="" export="">DeleteFeatures "C:\Program Files\Bowne\Published GDB ETL\Connection\cscl_pub@csclprd.sde\CSCL_PUB.CommonPlace" "C:\Program Files\Bowne\Published GDB ETL\Connection\cscl_pub@csclprd.sde\CSCL_PUB.CommonPlace"</Process><Process ToolSource="C:\Program Files\ArcGIS\ArcToolbox\Toolboxes\Data Management Tools.tbx\Append" Date="20130127" Time="073704" Name="" export="">Append GPL0 "C:\Program Files\Bowne\Published GDB ETL\Connection\cscl_pub@csclprd.sde\CSCL_PUB.CommonPlace" TEST # # "C:\Program Files\Bowne\Published GDB ETL\Connection\cscl_pub@csclprd.sde\CSCL_PUB.CommonPlace"</Process><Process ToolSource="C:\Program Files\ArcGIS\ArcToolbox\Toolboxes\Data Management Tools.tbx\DeleteFeatures" Date="20130203" Time="061956" Name="" export="">DeleteFeatures "C:\Program Files\Bowne\Published GDB ETL\Connection\cscl_pub@csclprd.sde\CSCL_PUB.CommonPlace" "C:\Program Files\Bowne\Published GDB ETL\Connection\cscl_pub@csclprd.sde\CSCL_PUB.CommonPlace"</Process><Process ToolSource="C:\Program Files\ArcGIS\ArcToolbox\Toolboxes\Data Management Tools.tbx\Append" Date="20130203" Time="062016" Name="" export="">Append GPL0 "C:\Program Files\Bowne\Published GDB ETL\Connection\cscl_pub@csclprd.sde\CSCL_PUB.CommonPlace" TEST # # "C:\Program Files\Bowne\Published GDB ETL\Connection\cscl_pub@csclprd.sde\CSCL_PUB.CommonPlace"</Process><Process ToolSource="C:\Program Files\ArcGIS\ArcToolbox\Toolboxes\Data Management Tools.tbx\DeleteFeatures" Date="20130210" Time="061241" Name="" export="">DeleteFeatures "C:\Program Files\Bowne\Published GDB ETL\Connection\cscl_pub@csclprd.sde\CSCL_PUB.CommonPlace" "C:\Program Files\Bowne\Published GDB ETL\Connection\cscl_pub@csclprd.sde\CSCL_PUB.CommonPlace"</Process><Process ToolSource="C:\Program Files\ArcGIS\ArcToolbox\Toolboxes\Data Management Tools.tbx\Append" Date="20130210" Time="061301" Name="" export="">Append GPL0 "C:\Program Files\Bowne\Published GDB ETL\Connection\cscl_pub@csclprd.sde\CSCL_PUB.CommonPlace" TEST # # "C:\Program Files\Bowne\Published GDB ETL\Connection\cscl_pub@csclprd.sde\CSCL_PUB.CommonPlace"</Process><Process ToolSource="C:\Program Files\ArcGIS\ArcToolbox\Toolboxes\Data Management Tools.tbx\DeleteFeatures" Date="20130217" Time="084108" Name="" export="">DeleteFeatures "C:\Program Files\Bowne\Published GDB ETL\Connection\cscl_pub@csclprd.sde\CSCL_PUB.CommonPlace" "C:\Program Files\Bowne\Published GDB ETL\Connection\cscl_pub@csclprd.sde\CSCL_PUB.CommonPlace"</Process><Process ToolSource="C:\Program Files\ArcGIS\ArcToolbox\Toolboxes\Data Management Tools.tbx\Append" Date="20130217" Time="084128" Name="" export="">Append GPL0 "C:\Program Files\Bowne\Published GDB ETL\Connection\cscl_pub@csclprd.sde\CSCL_PUB.CommonPlace" TEST # # "C:\Program Files\Bowne\Published GDB ETL\Connection\cscl_pub@csclprd.sde\CSCL_PUB.CommonPlace"</Process><Process ToolSource="C:\Program Files\ArcGIS\ArcToolbox\Toolboxes\Data Management Tools.tbx\DeleteFeatures" Date="20130224" Time="052608" Name="" export="">DeleteFeatures "C:\Program Files\Bowne\Published GDB ETL\Connection\cscl_pub@csclprd.sde\CSCL_PUB.CommonPlace" "C:\Program Files\Bowne\Published GDB ETL\Connection\cscl_pub@csclprd.sde\CSCL_PUB.CommonPlace"</Process><Process ToolSource="C:\Program Files\ArcGIS\ArcToolbox\Toolboxes\Data Management Tools.tbx\Append" Date="20130224" Time="052630" Name="" export="">Append GPL0 "C:\Program Files\Bowne\Published GDB ETL\Connection\cscl_pub@csclprd.sde\CSCL_PUB.CommonPlace" TEST # # "C:\Program Files\Bowne\Published GDB ETL\Connection\cscl_pub@csclprd.sde\CSCL_PUB.CommonPlace"</Process><Process ToolSource="C:\Program Files\ArcGIS\ArcToolbox\Toolboxes\Data Management Tools.tbx\DeleteFeatures" Date="20130303" Time="062233" Name="" export="">DeleteFeatures "C:\Program Files\Bowne\Published GDB ETL\Connection\cscl_pub@csclprd.sde\CSCL_PUB.CommonPlace" "C:\Program Files\Bowne\Published GDB ETL\Connection\cscl_pub@csclprd.sde\CSCL_PUB.CommonPlace"</Process><Process ToolSource="C:\Program Files\ArcGIS\ArcToolbox\Toolboxes\Data Management Tools.tbx\Append" Date="20130303" Time="062257" Name="" export="">Append GPL0 "C:\Program Files\Bowne\Published GDB ETL\Connection\cscl_pub@csclprd.sde\CSCL_PUB.CommonPlace" TEST # # "C:\Program Files\Bowne\Published GDB ETL\Connection\cscl_pub@csclprd.sde\CSCL_PUB.CommonPlace"</Process><Process ToolSource="C:\Program Files\ArcGIS\ArcToolbox\Toolboxes\Data Management Tools.tbx\DeleteFeatures" Date="20130310" Time="062936" Name="" export="">DeleteFeatures "C:\Program Files\Bowne\Published GDB ETL\Connection\cscl_pub@csclprd.sde\CSCL_PUB.CommonPlace" "C:\Program Files\Bowne\Published GDB ETL\Connection\cscl_pub@csclprd.sde\CSCL_PUB.CommonPlace"</Process><Process ToolSource="C:\Program Files\ArcGIS\ArcToolbox\Toolboxes\Data Management Tools.tbx\Append" Date="20130310" Time="063002" Name="" export="">Append GPL0 "C:\Program Files\Bowne\Published GDB ETL\Connection\cscl_pub@csclprd.sde\CSCL_PUB.CommonPlace" TEST # # "C:\Program Files\Bowne\Published GDB ETL\Connection\cscl_pub@csclprd.sde\CSCL_PUB.CommonPlace"</Process><Process ToolSource="C:\Program Files\ArcGIS\ArcToolbox\Toolboxes\Data Management Tools.tbx\DeleteFeatures" Date="20130317" Time="055041" Name="" export="">DeleteFeatures "C:\Program Files\Bowne\Published GDB ETL\Connection\cscl_pub@csclprd.sde\CSCL_PUB.CommonPlace" "C:\Program Files\Bowne\Published GDB ETL\Connection\cscl_pub@csclprd.sde\CSCL_PUB.CommonPlace"</Process><Process ToolSource="C:\Program Files\ArcGIS\ArcToolbox\Toolboxes\Data Management Tools.tbx\Append" Date="20130317" Time="055105" Name="" export="">Append GPL0 "C:\Program Files\Bowne\Published GDB ETL\Connection\cscl_pub@csclprd.sde\CSCL_PUB.CommonPlace" TEST # # "C:\Program Files\Bowne\Published GDB ETL\Connection\cscl_pub@csclprd.sde\CSCL_PUB.CommonPlace"</Process><Process ToolSource="C:\Program Files\ArcGIS\ArcToolbox\Toolboxes\Data Management Tools.tbx\DeleteFeatures" Date="20130324" Time="061007" Name="" export="">DeleteFeatures "C:\Program Files\Bowne\Published GDB ETL\Connection\cscl_pub@csclprd.sde\CSCL_PUB.CommonPlace" "C:\Program Files\Bowne\Published GDB ETL\Connection\cscl_pub@csclprd.sde\CSCL_PUB.CommonPlace"</Process><Process ToolSource="C:\Program Files\ArcGIS\ArcToolbox\Toolboxes\Data Management Tools.tbx\Append" Date="20130324" Time="061026" Name="" export="">Append GPL0 "C:\Program Files\Bowne\Published GDB ETL\Connection\cscl_pub@csclprd.sde\CSCL_PUB.CommonPlace" TEST # # "C:\Program Files\Bowne\Published GDB ETL\Connection\cscl_pub@csclprd.sde\CSCL_PUB.CommonPlace"</Process><Process ToolSource="C:\Program Files\ArcGIS\ArcToolbox\Toolboxes\Data Management Tools.tbx\DeleteFeatures" Date="20130331" Time="051017" Name="" export="">DeleteFeatures "C:\Program Files\Bowne\Published GDB ETL\Connection\cscl_pub@csclprd.sde\CSCL_PUB.CommonPlace" "C:\Program Files\Bowne\Published GDB ETL\Connection\cscl_pub@csclprd.sde\CSCL_PUB.CommonPlace"</Process><Process ToolSource="C:\Program Files\ArcGIS\ArcToolbox\Toolboxes\Data Management Tools.tbx\Append" Date="20130331" Time="051041" Name="" export="">Append GPL0 "C:\Program Files\Bowne\Published GDB ETL\Connection\cscl_pub@csclprd.sde\CSCL_PUB.CommonPlace" TEST # # "C:\Program Files\Bowne\Published GDB ETL\Connection\cscl_pub@csclprd.sde\CSCL_PUB.CommonPlace"</Process><Process ToolSource="C:\Program Files\ArcGIS\ArcToolbox\Toolboxes\Data Management Tools.tbx\DeleteFeatures" Date="20130407" Time="053325" Name="" export="">DeleteFeatures "C:\Program Files\Bowne\Published GDB ETL\Connection\cscl_pub@csclprd.sde\CSCL_PUB.CommonPlace" "C:\Program Files\Bowne\Published GDB ETL\Connection\cscl_pub@csclprd.sde\CSCL_PUB.CommonPlace"</Process><Process ToolSource="C:\Program Files\ArcGIS\ArcToolbox\Toolboxes\Data Management Tools.tbx\Append" Date="20130407" Time="053347" Name="" export="">Append GPL0 "C:\Program Files\Bowne\Published GDB ETL\Connection\cscl_pub@csclprd.sde\CSCL_PUB.CommonPlace" TEST # # "C:\Program Files\Bowne\Published GDB ETL\Connection\cscl_pub@csclprd.sde\CSCL_PUB.CommonPlace"</Process><Process ToolSource="C:\Program Files\ArcGIS\ArcToolbox\Toolboxes\Data Management Tools.tbx\DeleteFeatures" Date="20130414" Time="070437" Name="" export="">DeleteFeatures "C:\Program Files\Bowne\Published GDB ETL\Connection\cscl_pub@csclprd.sde\CSCL_PUB.CommonPlace" "C:\Program Files\Bowne\Published GDB ETL\Connection\cscl_pub@csclprd.sde\CSCL_PUB.CommonPlace"</Process><Process ToolSource="C:\Program Files\ArcGIS\ArcToolbox\Toolboxes\Data Management Tools.tbx\Append" Date="20130414" Time="070458" Name="" export="">Append GPL0 "C:\Program Files\Bowne\Published GDB ETL\Connection\cscl_pub@csclprd.sde\CSCL_PUB.CommonPlace" TEST # # "C:\Program Files\Bowne\Published GDB ETL\Connection\cscl_pub@csclprd.sde\CSCL_PUB.CommonPlace"</Process><Process ToolSource="C:\Program Files\ArcGIS\ArcToolbox\Toolboxes\Data Management Tools.tbx\DeleteFeatures" Date="20130421" Time="101409" Name="" export="">DeleteFeatures "C:\Program Files\Bowne\Published GDB ETL\Connection\cscl_pub@csclprd.sde\CSCL_PUB.CommonPlace" "C:\Program Files\Bowne\Published GDB ETL\Connection\cscl_pub@csclprd.sde\CSCL_PUB.CommonPlace"</Process><Process ToolSource="C:\Program Files\ArcGIS\ArcToolbox\Toolboxes\Data Management Tools.tbx\Append" Date="20130421" Time="101430" Name="" export="">Append GPL0 "C:\Program Files\Bowne\Published GDB ETL\Connection\cscl_pub@csclprd.sde\CSCL_PUB.CommonPlace" TEST # # "C:\Program Files\Bowne\Published GDB ETL\Connection\cscl_pub@csclprd.sde\CSCL_PUB.CommonPlace"</Process><Process ToolSource="C:\Program Files\ArcGIS\ArcToolbox\Toolboxes\Data Management Tools.tbx\DeleteFeatures" Date="20130428" Time="110549" Name="" export="">DeleteFeatures "C:\Program Files\Bowne\Published GDB ETL\Connection\cscl_pub@csclprd.sde\CSCL_PUB.CommonPlace" "C:\Program Files\Bowne\Published GDB ETL\Connection\cscl_pub@csclprd.sde\CSCL_PUB.CommonPlace"</Process><Process ToolSource="C:\Program Files\ArcGIS\ArcToolbox\Toolboxes\Data Management Tools.tbx\Append" Date="20130428" Time="110614" Name="" export="">Append GPL0 "C:\Program Files\Bowne\Published GDB ETL\Connection\cscl_pub@csclprd.sde\CSCL_PUB.CommonPlace" TEST # # "C:\Program Files\Bowne\Published GDB ETL\Connection\cscl_pub@csclprd.sde\CSCL_PUB.CommonPlace"</Process><Process ToolSource="C:\Program Files\ArcGIS\ArcToolbox\Toolboxes\Data Management Tools.tbx\DeleteFeatures" Date="20130505" Time="120344" Name="" export="">DeleteFeatures "C:\Program Files\Bowne\Published GDB ETL\Connection\cscl_pub@csclprd.sde\CSCL_PUB.CommonPlace" "C:\Program Files\Bowne\Published GDB ETL\Connection\cscl_pub@csclprd.sde\CSCL_PUB.CommonPlace"</Process><Process ToolSource="C:\Program Files\ArcGIS\ArcToolbox\Toolboxes\Data Management Tools.tbx\Append" Date="20130505" Time="120414" Name="" export="">Append GPL0 "C:\Program Files\Bowne\Published GDB ETL\Connection\cscl_pub@csclprd.sde\CSCL_PUB.CommonPlace" TEST # # "C:\Program Files\Bowne\Published GDB ETL\Connection\cscl_pub@csclprd.sde\CSCL_PUB.CommonPlace"</Process><Process ToolSource="C:\Program Files\ArcGIS\ArcToolbox\Toolboxes\Data Management Tools.tbx\DeleteFeatures" Date="20130512" Time="103533" Name="" export="">DeleteFeatures "C:\Program Files\Bowne\Published GDB ETL\Connection\cscl_pub@csclprd.sde\CSCL_PUB.CommonPlace" "C:\Program Files\Bowne\Published GDB ETL\Connection\cscl_pub@csclprd.sde\CSCL_PUB.CommonPlace"</Process><Process ToolSource="C:\Program Files\ArcGIS\ArcToolbox\Toolboxes\Data Management Tools.tbx\Append" Date="20130512" Time="103554" Name="" export="">Append GPL0 "C:\Program Files\Bowne\Published GDB ETL\Connection\cscl_pub@csclprd.sde\CSCL_PUB.CommonPlace" TEST # # "C:\Program Files\Bowne\Published GDB ETL\Connection\cscl_pub@csclprd.sde\CSCL_PUB.CommonPlace"</Process><Process ToolSource="C:\Program Files\ArcGIS\ArcToolbox\Toolboxes\Data Management Tools.tbx\DeleteFeatures" Date="20130519" Time="085812" Name="" export="">DeleteFeatures "C:\Program Files\Bowne\Published GDB ETL\Connection\cscl_pub@csclprd.sde\CSCL_PUB.CommonPlace" "C:\Program Files\Bowne\Published GDB ETL\Connection\cscl_pub@csclprd.sde\CSCL_PUB.CommonPlace"</Process><Process ToolSource="C:\Program Files\ArcGIS\ArcToolbox\Toolboxes\Data Management Tools.tbx\Append" Date="20130519" Time="085830" Name="" export="">Append GPL0 "C:\Program Files\Bowne\Published GDB ETL\Connection\cscl_pub@csclprd.sde\CSCL_PUB.CommonPlace" TEST # # "C:\Program Files\Bowne\Published GDB ETL\Connection\cscl_pub@csclprd.sde\CSCL_PUB.CommonPlace"</Process><Process ToolSource="C:\Program Files\ArcGIS\ArcToolbox\Toolboxes\Data Management Tools.tbx\DeleteFeatures" Date="20130526" Time="104645" Name="" export="">DeleteFeatures "C:\Program Files\Bowne\Published GDB ETL\Connection\cscl_pub@csclprd.sde\CSCL_PUB.CommonPlace" "C:\Program Files\Bowne\Published GDB ETL\Connection\cscl_pub@csclprd.sde\CSCL_PUB.CommonPlace"</Process><Process ToolSource="C:\Program Files\ArcGIS\ArcToolbox\Toolboxes\Data Management Tools.tbx\Append" Date="20130526" Time="104707" Name="" export="">Append GPL0 "C:\Program Files\Bowne\Published GDB ETL\Connection\cscl_pub@csclprd.sde\CSCL_PUB.CommonPlace" TEST # # "C:\Program Files\Bowne\Published GDB ETL\Connection\cscl_pub@csclprd.sde\CSCL_PUB.CommonPlace"</Process><Process ToolSource="C:\Program Files\ArcGIS\ArcToolbox\Toolboxes\Data Management Tools.tbx\DeleteFeatures" Date="20130602" Time="112228" Name="" export="">DeleteFeatures "C:\Program Files\Bowne\Published GDB ETL\Connection\cscl_pub@csclprd.sde\CSCL_PUB.CommonPlace" "C:\Program Files\Bowne\Published GDB ETL\Connection\cscl_pub@csclprd.sde\CSCL_PUB.CommonPlace"</Process><Process ToolSource="C:\Program Files\ArcGIS\ArcToolbox\Toolboxes\Data Management Tools.tbx\Append" Date="20130602" Time="112256" Name="" export="">Append GPL0 "C:\Program Files\Bowne\Published GDB ETL\Connection\cscl_pub@csclprd.sde\CSCL_PUB.CommonPlace" TEST # # "C:\Program Files\Bowne\Published GDB ETL\Connection\cscl_pub@csclprd.sde\CSCL_PUB.CommonPlace"</Process><Process ToolSource="C:\Program Files\ArcGIS\ArcToolbox\Toolboxes\Data Management Tools.tbx\DeleteFeatures" Date="20130609" Time="101623" Name="" export="">DeleteFeatures "C:\Program Files\Bowne\Published GDB ETL\Connection\cscl_pub@csclprd.sde\CSCL_PUB.CommonPlace" "C:\Program Files\Bowne\Published GDB ETL\Connection\cscl_pub@csclprd.sde\CSCL_PUB.CommonPlace"</Process><Process ToolSource="C:\Program Files\ArcGIS\ArcToolbox\Toolboxes\Data Management Tools.tbx\Append" Date="20130609" Time="101654" Name="" export="">Append GPL0 "C:\Program Files\Bowne\Published GDB ETL\Connection\cscl_pub@csclprd.sde\CSCL_PUB.CommonPlace" TEST # # "C:\Program Files\Bowne\Published GDB ETL\Connection\cscl_pub@csclprd.sde\CSCL_PUB.CommonPlace"</Process><Process ToolSource="C:\Program Files\ArcGIS\ArcToolbox\Toolboxes\Data Management Tools.tbx\DeleteFeatures" Date="20130616" Time="102210" Name="" export="">DeleteFeatures "C:\Program Files\Bowne\Published GDB ETL\Connection\cscl_pub@csclprd.sde\CSCL_PUB.CommonPlace" "C:\Program Files\Bowne\Published GDB ETL\Connection\cscl_pub@csclprd.sde\CSCL_PUB.CommonPlace"</Process><Process ToolSource="C:\Program Files\ArcGIS\ArcToolbox\Toolboxes\Data Management Tools.tbx\Append" Date="20130616" Time="102228" Name="" export="">Append GPL0 "C:\Program Files\Bowne\Published GDB ETL\Connection\cscl_pub@csclprd.sde\CSCL_PUB.CommonPlace" TEST # # "C:\Program Files\Bowne\Published GDB ETL\Connection\cscl_pub@csclprd.sde\CSCL_PUB.CommonPlace"</Process><Process ToolSource="C:\Program Files\ArcGIS\ArcToolbox\Toolboxes\Data Management Tools.tbx\DeleteFeatures" Date="20130623" Time="111039" Name="" export="">DeleteFeatures "C:\Program Files\Bowne\Published GDB ETL\Connection\cscl_pub@csclprd.sde\CSCL_PUB.CommonPlace" "C:\Program Files\Bowne\Published GDB ETL\Connection\cscl_pub@csclprd.sde\CSCL_PUB.CommonPlace"</Process><Process ToolSource="C:\Program Files\ArcGIS\ArcToolbox\Toolboxes\Data Management Tools.tbx\Append" Date="20130623" Time="111059" Name="" export="">Append GPL0 "C:\Program Files\Bowne\Published GDB ETL\Connection\cscl_pub@csclprd.sde\CSCL_PUB.CommonPlace" TEST # # "C:\Program Files\Bowne\Published GDB ETL\Connection\cscl_pub@csclprd.sde\CSCL_PUB.CommonPlace"</Process><Process ToolSource="C:\Program Files\ArcGIS\ArcToolbox\Toolboxes\Data Management Tools.tbx\DeleteFeatures" Date="20130630" Time="094145" Name="" export="">DeleteFeatures "C:\Program Files\Bowne\Published GDB ETL\Connection\cscl_pub@csclprd.sde\CSCL_PUB.CommonPlace" "C:\Program Files\Bowne\Published GDB ETL\Connection\cscl_pub@csclprd.sde\CSCL_PUB.CommonPlace"</Process><Process ToolSource="C:\Program Files\ArcGIS\ArcToolbox\Toolboxes\Data Management Tools.tbx\Append" Date="20130630" Time="094204" Name="" export="">Append GPL0 "C:\Program Files\Bowne\Published GDB ETL\Connection\cscl_pub@csclprd.sde\CSCL_PUB.CommonPlace" TEST # # "C:\Program Files\Bowne\Published GDB ETL\Connection\cscl_pub@csclprd.sde\CSCL_PUB.CommonPlace"</Process><Process ToolSource="C:\Program Files\ArcGIS\ArcToolbox\Toolboxes\Data Management Tools.tbx\DeleteFeatures" Date="20130707" Time="095707" Name="" export="">DeleteFeatures "C:\Program Files\Bowne\Published GDB ETL\Connection\cscl_pub@csclprd.sde\CSCL_PUB.CommonPlace" "C:\Program Files\Bowne\Published GDB ETL\Connection\cscl_pub@csclprd.sde\CSCL_PUB.CommonPlace"</Process><Process ToolSource="C:\Program Files\ArcGIS\ArcToolbox\Toolboxes\Data Management Tools.tbx\Append" Date="20130707" Time="095729" Name="" export="">Append GPL0 "C:\Program Files\Bowne\Published GDB ETL\Connection\cscl_pub@csclprd.sde\CSCL_PUB.CommonPlace" TEST # # "C:\Program Files\Bowne\Published GDB ETL\Connection\cscl_pub@csclprd.sde\CSCL_PUB.CommonPlace"</Process><Process ToolSource="C:\Program Files\ArcGIS\ArcToolbox\Toolboxes\Data Management Tools.tbx\DeleteFeatures" Date="20130714" Time="142248" Name="" export="">DeleteFeatures "C:\Program Files\Bowne\Published GDB ETL\Connection\cscl_pub@csclprd.sde\CSCL_PUB.CommonPlace" "C:\Program Files\Bowne\Published GDB ETL\Connection\cscl_pub@csclprd.sde\CSCL_PUB.CommonPlace"</Process><Process ToolSource="C:\Program Files\ArcGIS\ArcToolbox\Toolboxes\Data Management Tools.tbx\Append" Date="20130714" Time="142310" Name="" export="">Append GPL0 "C:\Program Files\Bowne\Published GDB ETL\Connection\cscl_pub@csclprd.sde\CSCL_PUB.CommonPlace" TEST # # "C:\Program Files\Bowne\Published GDB ETL\Connection\cscl_pub@csclprd.sde\CSCL_PUB.CommonPlace"</Process><Process ToolSource="C:\Program Files\ArcGIS\ArcToolbox\Toolboxes\Data Management Tools.tbx\DeleteFeatures" Date="20130721" Time="142025" Name="" export="">DeleteFeatures "C:\Program Files\Bowne\Published GDB ETL\Connection\cscl_pub@csclprd.sde\CSCL_PUB.CommonPlace" "C:\Program Files\Bowne\Published GDB ETL\Connection\cscl_pub@csclprd.sde\CSCL_PUB.CommonPlace"</Process><Process ToolSource="C:\Program Files\ArcGIS\ArcToolbox\Toolboxes\Data Management Tools.tbx\Append" Date="20130721" Time="142049" Name="" export="">Append GPL0 "C:\Program Files\Bowne\Published GDB ETL\Connection\cscl_pub@csclprd.sde\CSCL_PUB.CommonPlace" TEST # # "C:\Program Files\Bowne\Published GDB ETL\Connection\cscl_pub@csclprd.sde\CSCL_PUB.CommonPlace"</Process><Process ToolSource="C:\Program Files\ArcGIS\ArcToolbox\Toolboxes\Data Management Tools.tbx\DeleteFeatures" Date="20130728" Time="161242" Name="" export="">DeleteFeatures "C:\Program Files\Bowne\Published GDB ETL\Connection\cscl_pub@csclprd.sde\CSCL_PUB.CommonPlace" "C:\Program Files\Bowne\Published GDB ETL\Connection\cscl_pub@csclprd.sde\CSCL_PUB.CommonPlace"</Process><Process ToolSource="C:\Program Files\ArcGIS\ArcToolbox\Toolboxes\Data Management Tools.tbx\Append" Date="20130728" Time="161309" Name="" export="">Append GPL0 "C:\Program Files\Bowne\Published GDB ETL\Connection\cscl_pub@csclprd.sde\CSCL_PUB.CommonPlace" TEST # # "C:\Program Files\Bowne\Published GDB ETL\Connection\cscl_pub@csclprd.sde\CSCL_PUB.CommonPlace"</Process><Process ToolSource="C:\Program Files\ArcGIS\ArcToolbox\Toolboxes\Data Management Tools.tbx\DeleteFeatures" Date="20131025" Time="071326" Name="" export="">DeleteFeatures "D:\Program Files\Bowne\Published GDB ETL\Connection\cscl_pub@csclprd.sde\CSCL_PUB.CommonPlace" "D:\Program Files\Bowne\Published GDB ETL\Connection\cscl_pub@csclprd.sde\CSCL_PUB.CommonPlace"</Process><Process ToolSource="C:\Program Files\ArcGIS\ArcToolbox\Toolboxes\Data Management Tools.tbx\DeleteFeatures" Date="20131207" Time="094225" Name="" export="">DeleteFeatures "D:\Program Files\Bowne\Published GDB ETL\Connection\cscl_pub@csclprd.sde\CSCL_PUB.CommonPlace" "D:\Program Files\Bowne\Published GDB ETL\Connection\cscl_pub@csclprd.sde\CSCL_PUB.CommonPlace"</Process><Process ToolSource="c:\program files (x86)\arcgis\desktop10.3\ArcToolbox\Toolboxes\Data Management Tools.tbx\CopyFeatures" Date="20200908" Time="091750">CopyFeatures D:\ETL\CSCLCPRD\PublishedGDB\cscl_pub.gdb\CommonPlace D:\For_Opendata\Opendata.gdb\Point_Of_Interest # 0 0 0</Process><Process ToolSource="c:\program files (x86)\arcgis\desktop10.3\ArcToolbox\Toolboxes\Data Management Tools.tbx\DeleteField" Date="20200908" Time="091753">DeleteField D:\For_Opendata\Opendata.gdb\Point_Of_Interest SOURCEID;CREATED_BY;MODIFIED_BY;SECURITY_LEVEL</Process><Process ToolSource="c:\program files (x86)\arcgis\desktop10.3\ArcToolbox\Toolboxes\Data Management Tools.tbx\AlterField" Date="20200908" Time="091754">AlterField D:\For_Opendata\Opendata.gdb\Point_Of_Interest FEATURE_NAME NAME # TEXT 100 NULLABLE false</Process><Process ToolSource="c:\program files (x86)\arcgis\desktop10.3\ArcToolbox\Toolboxes\Data Management Tools.tbx\AlterField" Date="20200908" Time="091754">AlterField D:\For_Opendata\Opendata.gdb\Point_Of_Interest PRIMARYADDRESSPOINTID PRI_ADD # DOUBLE 8 NULLABLE false</Process><Process ToolSource="c:\program files (x86)\arcgis\desktop10.3\ArcToolbox\Toolboxes\Data Management Tools.tbx\AlterField" Date="20200908" Time="091755">AlterField D:\For_Opendata\Opendata.gdb\Point_Of_Interest MODIFIED_DATE MODIFIED # DATE 8 NULLABLE false</Process><Process ToolSource="c:\program files (x86)\arcgis\desktop10.3\ArcToolbox\Toolboxes\Data Management Tools.tbx\AlterField" Date="20200908" Time="091756">AlterField D:\For_Opendata\Opendata.gdb\Point_Of_Interest CREATED_DATE CREATED # DATE 8 NULLABLE false</Process><Process ToolSource="c:\program files (x86)\arcgis\desktop10.3\ArcToolbox\Toolboxes\Data Management Tools.tbx\AlterField" Date="20200908" Time="091756">AlterField D:\For_Opendata\Opendata.gdb\Point_Of_Interest BOROUGHCODE BOROUGH # TEXT 1 NULLABLE false</Process><Process ToolSource="c:\program files (x86)\arcgis\desktop10.3\ArcToolbox\Toolboxes\Data Management Tools.tbx\AlterField" Date="20200908" Time="091757">AlterField D:\For_Opendata\Opendata.gdb\Point_Of_Interest FACILITY_DOMAINS FACI_DOM # TEXT 50 NULLABLE false</Process><Process ToolSource="c:\program files (x86)\arcgis\desktop10.3\ArcToolbox\Toolboxes\Data Management Tools.tbx\AlterField" Date="20200908" Time="091758">AlterField D:\For_Opendata\Opendata.gdb\Point_Of_Interest SOSINDICATOR SOS # TEXT 1 NULLABLE false</Process><Process ToolSource="c:\program files (x86)\arcgis\desktop10.3\ArcToolbox\Toolboxes\Data Management Tools.tbx\CopyFeatures" Date="20200908" Time="092009">CopyFeatures D:\For_Opendata\Opendata.gdb\Point_Of_Interest D:\For_Opendata\Shapefiles\Point_Of_Interest.shp # 0 0 0</Process></lineage><itemProps><itemLocation><linkage Sync="TRUE">file://\\MSPWVA-CTWFME01\D$\For_Opendata\Shapefiles\Point_Of_Interest.shp</linkage><protocol Sync="TRUE">Local Area Network</protocol></itemLocation><itemName Sync="TRUE">Point_Of_Interest</itemName><imsContentType Sync="TRUE">002</imsContentType><nativeExtBox><westBL Sync="TRUE">907812.551025</westBL><eastBL Sync="TRUE">1065311.507385</eastBL><southBL Sync="TRUE">104514.646240</southBL><northBL Sync="TRUE">284632.065430</northBL><exTypeCode Sync="TRUE">1</exTypeCode></nativeExtBox><itemSize Sync="TRUE">0.000</itemSize></itemProps><coordRef><type Sync="TRUE">Projected</type><geogcsn Sync="TRUE">GCS_North_American_1983</geogcsn><csUnits Sync="TRUE">Linear Unit: Foot_US (0.304801)</csUnits><projcsn Sync="TRUE">NAD_1983_StatePlane_New_York_Long_Island_FIPS_3104_Feet</projcsn><peXml Sync="TRUE">&lt;ProjectedCoordinateSystem xsi:type='typens:ProjectedCoordinateSystem' xmlns:xsi='http://www.w3.org/2001/XMLSchema-instance' xmlns:xs='http://www.w3.org/2001/XMLSchema' xmlns:typens='http://www.esri.com/schemas/ArcGIS/10.3'&gt;&lt;WKT&gt;PROJCS[&amp;quot;NAD_1983_StatePlane_New_York_Long_Island_FIPS_3104_Feet&amp;quot;,GEOGCS[&amp;quot;GCS_North_American_1983&amp;quot;,DATUM[&amp;quot;D_North_American_1983&amp;quot;,SPHEROID[&amp;quot;GRS_1980&amp;quot;,6378137.0,298.257222101]],PRIMEM[&amp;quot;Greenwich&amp;quot;,0.0],UNIT[&amp;quot;Degree&amp;quot;,0.0174532925199433]],PROJECTION[&amp;quot;Lambert_Conformal_Conic&amp;quot;],PARAMETER[&amp;quot;False_Easting&amp;quot;,984250.0],PARAMETER[&amp;quot;False_Northing&amp;quot;,0.0],PARAMETER[&amp;quot;Central_Meridian&amp;quot;,-74.0],PARAMETER[&amp;quot;Standard_Parallel_1&amp;quot;,40.66666666666666],PARAMETER[&amp;quot;Standard_Parallel_2&amp;quot;,41.03333333333333],PARAMETER[&amp;quot;Latitude_Of_Origin&amp;quot;,40.16666666666666],UNIT[&amp;quot;Foot_US&amp;quot;,0.3048006096012192],AUTHORITY[&amp;quot;EPSG&amp;quot;,2263]]&lt;/WKT&gt;&lt;XOrigin&gt;-120039300&lt;/XOrigin&gt;&lt;YOrigin&gt;-96540300&lt;/YOrigin&gt;&lt;XYScale&gt;37212589.015695661&lt;/XYScale&gt;&lt;ZOrigin&gt;-100000&lt;/ZOrigin&gt;&lt;ZScale&gt;10000&lt;/ZScale&gt;&lt;MOrigin&gt;-100000&lt;/MOrigin&gt;&lt;MScale&gt;10000&lt;/MScale&gt;&lt;XYTolerance&gt;0.0032808333333333331&lt;/XYTolerance&gt;&lt;ZTolerance&gt;0.001&lt;/ZTolerance&gt;&lt;MTolerance&gt;0.001&lt;/MTolerance&gt;&lt;HighPrecision&gt;true&lt;/HighPrecision&gt;&lt;WKID&gt;102718&lt;/WKID&gt;&lt;LatestWKID&gt;2263&lt;/LatestWKID&gt;&lt;/ProjectedCoordinateSystem&gt;</peXml></coordRef></DataProperties><SyncDate>20200908</SyncDate><SyncTime>09200700</SyncTime><ModDate>20200908</ModDate><ModTime>09200700</ModTime><ArcGISFormat>1.0</ArcGISFormat><scaleRange><minScale>150000000</minScale><maxScale>5000</maxScale></scaleRange><ArcGISProfile>FGDC</ArcGISProfile></Esri><mdLang><languageCode value="eng"/><countryCode value="USA" Sync="TRUE"/></mdLang><mdChar><CharSetCd value="004"/></mdChar><mdHrLv><ScopeCd value="005"/></mdHrLv><mdContact><rpOrgName>City of New York - Department of Information Technology &amp; Telecommunications</rpOrgName><rpCntInfo><cntPhone><voiceNum>212.824.4328</voiceNum></cntPhone><cntAddress addressType="both"><delPoint>59 Maiden Lane, FL 33</delPoint><city>New York</city><adminArea>NY</adminArea><postCode>10038</postCode><country>US</country></cntAddress></rpCntInfo><role><RoleCd value="007"/></role></mdContact><mdStanName>ArcGIS Metadata</mdStanName><mdStanVer>1.0</mdStanVer><distInfo><distributor><distorCont><rpOrgName>City of New York - Department of Information Technology &amp; Telecommunications</rpOrgName><rpCntInfo><cntPhone><voiceNum>212.824.4328</voiceNum></cntPhone><cntAddress addressType="both"><delPoint>59 Maiden Lane, FL 33</delPoint><city>New York</city><adminArea>NY</adminArea><postCode>10038</postCode><country>US</country></cntAddress></rpCntInfo><role><RoleCd value="005"/></role></distorCont></distributor><distFormat><formatName Sync="TRUE">Shapefile</formatName></distFormat><distTranOps><transSize Sync="TRUE">0.000</transSize></distTranOps></distInfo><dataIdInfo><idCitation><citRespParty><rpOrgName>CSCL, NYPD, FDNY, Parks, OEM, DoITT, DCP</rpOrgName><role><RoleCd value="006"/></role></citRespParty><citRespParty><rpOrgName>City of New York - Department of Information Technology &amp; Telecommunications</rpOrgName><rpCntInfo><cntAddress><delPoint>New York City</delPoint></cntAddress></rpCntInfo><role><RoleCd value="010"/></role></citRespParty><resTitle Sync="TRUE">Point_Of_Interest</resTitle><presForm><PresFormCd value="005" Sync="TRUE"/></presForm><date><pubDate>2020-09-08T09:20:15</pubDate></date></idCitation><idAbs>&lt;DIV STYLE="text-align:Left;"&gt;&lt;DIV&gt;&lt;P&gt;&lt;SPAN&gt;CommonPlace is a point representation of places of interest throughout New York City.&lt;/SPAN&gt;&lt;/P&gt;&lt;/DIV&gt;&lt;/DIV&gt;</idAbs><idPurp>CommonPlace points are intented to help aid dispatch efforts to places of interest throughout New York City.</idPurp><idCredit>City of New York - Department of Information Technology &amp; Telecommunications</idCredit><idStatus><ProgCd value="001"/></idStatus><idPoC><rpOrgName>City of New York - Department of Information Technology &amp; Telecommunications</rpOrgName><rpCntInfo><cntPhone><voiceNum>212.824.4328</voiceNum></cntPhone><cntAddress addressType="both"><delPoint>59 Maiden Lane, FL 33</delPoint><city>New York</city><adminArea>NY</adminArea><postCode>10038</postCode><country>US</country></cntAddress></rpCntInfo><role><RoleCd value="007"/></role></idPoC><resMaint><maintFreq><MaintFreqCd value="002"/></maintFreq></resMaint><placeKeys><keyword>Bronx</keyword><keyword>Brooklyn</keyword><keyword>Manhattan</keyword><keyword>Queens</keyword><keyword>New York City</keyword><keyword>Staten Island</keyword></placeKeys><themeKeys><keyword>Common Place</keyword><keyword>Common Place Name</keyword><keyword>complex</keyword></themeKeys><searchKeys><keyword>Common Place</keyword><keyword>Bronx</keyword><keyword>Brooklyn</keyword><keyword>Common Place Name</keyword><keyword>Manhattan</keyword><keyword>Queens</keyword><keyword>New York City</keyword><keyword>complex</keyword><keyword>Staten Island</keyword></searchKeys><resConst><LegConsts><othConsts>NYPD common places, with the exception of precinct locations, cannot be distributed.</othConsts></LegConsts></resConst><resConst><Consts><useLimit>&lt;DIV STYLE="text-align:Left;"&gt;&lt;DIV&gt;&lt;P&gt;&lt;SPAN&gt;While all possible measures have been taken to ensure the accuracy of this data, the City of New York assumes no responsibility for the accuracy of the data for their purposes.&lt;/SPAN&gt;&lt;/P&gt;&lt;/DIV&gt;&lt;/DIV&gt;</useLimit></Consts></resConst><dataLang><languageCode value="eng"/><countryCode value="USA" Sync="TRUE"/></dataLang><suppInfo>The CommonPlace points are a compilation of what the different city agencies consider to be a Common Place or Place/Point of Interest. Sources for the data include: - NYPD (Sprint and PCAD) - FDNY (Starfire and EMSCAD) - OEM Hospitals - DCP Special Address File - DoITT - Points of Interest, NYCHA developments, Schools - DPR Parks Properties Points were either loaded from a previously existing point feature class or they were created. The different methods to create the points include: manual location based on Orthophotography, buildings and/or parcels based on an address or known location, automatically using ArcMap functions, or by entering the centerline XY corrdinate of the location from Geosupport.</suppInfo><envirDesc Sync="TRUE"> Version 6.2 (Build 9200) ; Esri ArcGIS 10.3.1.4959</envirDesc><spatRpType><SpatRepTypCd value="001" Sync="TRUE"/></spatRpType><dataExt><geoEle><GeoBndBox esriExtentType="search"><exTypeCode Sync="TRUE">1</exTypeCode><westBL Sync="TRUE">-74.276696</westBL><eastBL Sync="TRUE">-73.706565</eastBL><northBL Sync="TRUE">40.947921</northBL><southBL Sync="TRUE">40.453172</southBL></GeoBndBox></geoEle></dataExt></dataIdInfo><eainfo><detailed Name="Point_Of_Interest"><enttyp><enttypl Sync="TRUE">Point_Of_Interest</enttypl><enttypt Sync="TRUE">Feature Class</enttypt><enttypc Sync="TRUE">0</enttypc></enttyp><attr><attrlabl Sync="TRUE">SEGMENTID</attrlabl><attalias Sync="TRUE">SEGMENTID</attalias><attrtype Sync="TRUE">Integer</attrtype><attwidth Sync="TRUE">10</attwidth><atprecis Sync="TRUE">10</atprecis><attscale Sync="TRUE">0</attscale></attr><attr><attrlabl Sync="TRUE">COMPLEXID</attrlabl><attalias Sync="TRUE">COMPLEXID</attalias><attrtype Sync="TRUE">Integer</attrtype><attwidth Sync="TRUE">10</attwidth><atprecis Sync="TRUE">10</atprecis><attscale Sync="TRUE">0</attscale></attr><attr><attrlabl Sync="TRUE">SAFTYPE</attrlabl><attalias Sync="TRUE">SAFTYPE</attalias><attrtype Sync="TRUE">String</attrtype><attwidth Sync="TRUE">1</attwidth><atprecis Sync="TRUE">0</atprecis><attscale Sync="TRUE">0</attscale></attr><attr><attrlabl Sync="TRUE">PLACEID</attrlabl><attalias Sync="TRUE">PLACEID</attalias><attrtype Sync="TRUE">Integer</attrtype><attwidth Sync="TRUE">10</attwidth><atprecis Sync="TRUE">10</atprecis><attscale Sync="TRUE">0</attscale></attr><attr><attrlabl Sync="TRUE">BIN</attrlabl><attalias Sync="TRUE">BIN</attalias><attrtype Sync="TRUE">Integer</attrtype><attwidth Sync="TRUE">10</attwidth><atprecis Sync="TRUE">10</atprecis><attscale Sync="TRUE">0</attscale></attr><attr><attrlabl Sync="TRUE">SOURCE</attrlabl><attalias Sync="TRUE">SOURCE</attalias><attrtype Sync="TRUE">String</attrtype><attwidth Sync="TRUE">5</attwidth><atprecis Sync="TRUE">0</atprecis><attscale Sync="TRUE">0</attscale></attr><attr><attrlabl Sync="TRUE">B7SC</attrlabl><attalias Sync="TRUE">B7SC</attalias><attrtype Sync="TRUE">String</attrtype><attwidth Sync="TRUE">8</attwidth><atprecis Sync="TRUE">0</atprecis><attscale Sync="TRUE">0</attscale></attr><attr><attrlabl Sync="TRUE">SHAPE</attrlabl><attalias Sync="TRUE">Shape</attalias><attrtype Sync="TRUE">Geometry</attrtype><attwidth Sync="TRUE">0</attwidth><atprecis Sync="TRUE">0</atprecis><attscale Sync="TRUE">0</attscale><attrdef Sync="TRUE">Feature geometry.</attrdef><attrdefs Sync="TRUE">Esri</attrdefs><attrdomv><udom Sync="TRUE">Coordinates defining the features.</udom></attrdomv></attr><subtype><stname Sync="TRUE">Residential</stname><stcode Sync="TRUE">1</stcode><stfield><stfldnm Sync="TRUE">SAFTYPE</stfldnm><stflddd><domname Sync="TRUE">dSAFType</domname><domdesc Sync="TRUE"/><domtype Sync="TRUE">Coded Value</domtype><mrgtype Sync="TRUE">Default value</mrgtype><splttype Sync="TRUE">Duplicate</splttype><domowner Sync="TRUE"/><domfldtp Sync="TRUE">String</domfldtp></stflddd></stfield><stfield><stfldnm Sync="TRUE">SOSINDICATOR</stfldnm><stflddd><domname Sync="TRUE">dLeftRight</domname><domdesc Sync="TRUE"/><domtype Sync="TRUE">Coded Value</domtype><mrgtype Sync="TRUE">Default value</mrgtype><splttype Sync="TRUE">Default value</splttype><domowner Sync="TRUE"/><domfldtp Sync="TRUE">String</domfldtp></stflddd></stfield><stfield><stfldnm Sync="TRUE">BOROUGHCODE</stfldnm><stflddd><domname Sync="TRUE">dBorough</domname><domdesc Sync="TRUE"/><domtype Sync="TRUE">Coded Value</domtype><mrgtype Sync="TRUE">Default value</mrgtype><splttype Sync="TRUE">Duplicate</splttype><domowner Sync="TRUE"/><domfldtp Sync="TRUE">String</domfldtp></stflddd></stfield><stfield><stfldnm Sync="TRUE">SOURCE</stfldnm><stflddd><domname Sync="TRUE">dAgency</domname><domdesc Sync="TRUE"/><domtype Sync="TRUE">Coded Value</domtype><mrgtype Sync="TRUE">Default value</mrgtype><splttype Sync="TRUE">Default value</splttype><domowner Sync="TRUE"/><domfldtp Sync="TRUE">String</domfldtp></stflddd></stfield><stfield><stfldnm Sync="TRUE">SECURITY_LEVEL</stfldnm><stflddv Sync="TRUE">1</stflddv><stflddd><domname Sync="TRUE">dSecurityLevel</domname><domdesc Sync="TRUE">Data Security Level</domdesc><domtype Sync="TRUE">Coded Value</domtype><mrgtype Sync="TRUE">Default value</mrgtype><splttype Sync="TRUE">Default value</splttype><domowner Sync="TRUE"/><domfldtp Sync="TRUE">Double</domfldtp></stflddd></stfield></subtype><subtype><stname Sync="TRUE">Education Facility</stname><stcode Sync="TRUE">2</stcode><stfield><stfldnm Sync="TRUE">SAFTYPE</stfldnm><stflddd><domname Sync="TRUE">dSAFType</domname><domdesc Sync="TRUE"/><domtype Sync="TRUE">Coded Value</domtype><mrgtype Sync="TRUE">Default value</mrgtype><splttype Sync="TRUE">Duplicate</splttype><domowner Sync="TRUE"/><domfldtp Sync="TRUE">String</domfldtp></stflddd></stfield><stfield><stfldnm Sync="TRUE">SOSINDICATOR</stfldnm><stflddd><domname Sync="TRUE">dLeftRight</domname><domdesc Sync="TRUE"/><domtype Sync="TRUE">Coded Value</domtype><mrgtype Sync="TRUE">Default value</mrgtype><splttype Sync="TRUE">Default value</splttype><domowner Sync="TRUE"/><domfldtp Sync="TRUE">String</domfldtp></stflddd></stfield><stfield><stfldnm Sync="TRUE">BOROUGHCODE</stfldnm><stflddd><domname Sync="TRUE">dBorough</domname><domdesc Sync="TRUE"/><domtype Sync="TRUE">Coded Value</domtype><mrgtype Sync="TRUE">Default value</mrgtype><splttype Sync="TRUE">Duplicate</splttype><domowner Sync="TRUE"/><domfldtp Sync="TRUE">String</domfldtp></stflddd></stfield><stfield><stfldnm Sync="TRUE">SOURCE</stfldnm><stflddd><domname Sync="TRUE">dAgency</domname><domdesc Sync="TRUE"/><domtype Sync="TRUE">Coded Value</domtype><mrgtype Sync="TRUE">Default value</mrgtype><splttype Sync="TRUE">Default value</splttype><domowner Sync="TRUE"/><domfldtp Sync="TRUE">String</domfldtp></stflddd></stfield><stfield><stfldnm Sync="TRUE">SECURITY_LEVEL</stfldnm><stflddv Sync="TRUE">1</stflddv><stflddd><domname Sync="TRUE">dSecurityLevel</domname><domdesc Sync="TRUE">Data Security Level</domdesc><domtype Sync="TRUE">Coded Value</domtype><mrgtype Sync="TRUE">Default value</mrgtype><splttype Sync="TRUE">Default value</splttype><domowner Sync="TRUE"/><domfldtp Sync="TRUE">Double</domfldtp></stflddd></stfield></subtype><subtype><stname Sync="TRUE">Cultural Facility</stname><stcode Sync="TRUE">3</stcode><stfield><stfldnm Sync="TRUE">SAFTYPE</stfldnm><stflddd><domname Sync="TRUE">dSAFType</domname><domdesc Sync="TRUE"/><domtype Sync="TRUE">Coded Value</domtype><mrgtype Sync="TRUE">Default value</mrgtype><splttype Sync="TRUE">Duplicate</splttype><domowner Sync="TRUE"/><domfldtp Sync="TRUE">String</domfldtp></stflddd></stfield><stfield><stfldnm Sync="TRUE">SOSINDICATOR</stfldnm><stflddd><domname Sync="TRUE">dLeftRight</domname><domdesc Sync="TRUE"/><domtype Sync="TRUE">Coded Value</domtype><mrgtype Sync="TRUE">Default value</mrgtype><splttype Sync="TRUE">Default value</splttype><domowner Sync="TRUE"/><domfldtp Sync="TRUE">String</domfldtp></stflddd></stfield><stfield><stfldnm Sync="TRUE">BOROUGHCODE</stfldnm><stflddd><domname Sync="TRUE">dBorough</domname><domdesc Sync="TRUE"/><domtype Sync="TRUE">Coded Value</domtype><mrgtype Sync="TRUE">Default value</mrgtype><splttype Sync="TRUE">Duplicate</splttype><domowner Sync="TRUE"/><domfldtp Sync="TRUE">String</domfldtp></stflddd></stfield><stfield><stfldnm Sync="TRUE">SOURCE</stfldnm><stflddd><domname Sync="TRUE">dAgency</domname><domdesc Sync="TRUE"/><domtype Sync="TRUE">Coded Value</domtype><mrgtype Sync="TRUE">Default value</mrgtype><splttype Sync="TRUE">Default value</splttype><domowner Sync="TRUE"/><domfldtp Sync="TRUE">String</domfldtp></stflddd></stfield><stfield><stfldnm Sync="TRUE">SECURITY_LEVEL</stfldnm><stflddv Sync="TRUE">1</stflddv><stflddd><domname Sync="TRUE">dSecurityLevel</domname><domdesc Sync="TRUE">Data Security Level</domdesc><domtype Sync="TRUE">Coded Value</domtype><mrgtype Sync="TRUE">Default value</mrgtype><splttype Sync="TRUE">Default value</splttype><domowner Sync="TRUE"/><domfldtp Sync="TRUE">Double</domfldtp></stflddd></stfield></subtype><subtype><stname Sync="TRUE">Recreational Facility</stname><stcode Sync="TRUE">4</stcode><stfield><stfldnm Sync="TRUE">SAFTYPE</stfldnm><stflddd><domname Sync="TRUE">dSAFType</domname><domdesc Sync="TRUE"/><domtype Sync="TRUE">Coded Value</domtype><mrgtype Sync="TRUE">Default value</mrgtype><splttype Sync="TRUE">Duplicate</splttype><domowner Sync="TRUE"/><domfldtp Sync="TRUE">String</domfldtp></stflddd></stfield><stfield><stfldnm Sync="TRUE">SOSINDICATOR</stfldnm><stflddd><domname Sync="TRUE">dLeftRight</domname><domdesc Sync="TRUE"/><domtype Sync="TRUE">Coded Value</domtype><mrgtype Sync="TRUE">Default value</mrgtype><splttype Sync="TRUE">Default value</splttype><domowner Sync="TRUE"/><domfldtp Sync="TRUE">String</domfldtp></stflddd></stfield><stfield><stfldnm Sync="TRUE">BOROUGHCODE</stfldnm><stflddd><domname Sync="TRUE">dBorough</domname><domdesc Sync="TRUE"/><domtype Sync="TRUE">Coded Value</domtype><mrgtype Sync="TRUE">Default value</mrgtype><splttype Sync="TRUE">Duplicate</splttype><domowner Sync="TRUE"/><domfldtp Sync="TRUE">String</domfldtp></stflddd></stfield><stfield><stfldnm Sync="TRUE">SOURCE</stfldnm><stflddd><domname Sync="TRUE">dAgency</domname><domdesc Sync="TRUE"/><domtype Sync="TRUE">Coded Value</domtype><mrgtype Sync="TRUE">Default value</mrgtype><splttype Sync="TRUE">Default value</splttype><domowner Sync="TRUE"/><domfldtp Sync="TRUE">String</domfldtp></stflddd></stfield><stfield><stfldnm Sync="TRUE">SECURITY_LEVEL</stfldnm><stflddv Sync="TRUE">1</stflddv><stflddd><domname Sync="TRUE">dSecurityLevel</domname><domdesc Sync="TRUE">Data Security Level</domdesc><domtype Sync="TRUE">Coded Value</domtype><mrgtype Sync="TRUE">Default value</mrgtype><splttype Sync="TRUE">Default value</splttype><domowner Sync="TRUE"/><domfldtp Sync="TRUE">Double</domfldtp></stflddd></stfield></subtype><subtype><stname Sync="TRUE">Social Services</stname><stcode Sync="TRUE">5</stcode><stfield><stfldnm Sync="TRUE">SAFTYPE</stfldnm><stflddd><domname Sync="TRUE">dSAFType</domname><domdesc Sync="TRUE"/><domtype Sync="TRUE">Coded Value</domtype><mrgtype Sync="TRUE">Default value</mrgtype><splttype Sync="TRUE">Duplicate</splttype><domowner Sync="TRUE"/><domfldtp Sync="TRUE">String</domfldtp></stflddd></stfield><stfield><stfldnm Sync="TRUE">SOSINDICATOR</stfldnm><stflddd><domname Sync="TRUE">dLeftRight</domname><domdesc Sync="TRUE"/><domtype Sync="TRUE">Coded Value</domtype><mrgtype Sync="TRUE">Default value</mrgtype><splttype Sync="TRUE">Default value</splttype><domowner Sync="TRUE"/><domfldtp Sync="TRUE">String</domfldtp></stflddd></stfield><stfield><stfldnm Sync="TRUE">BOROUGHCODE</stfldnm><stflddd><domname Sync="TRUE">dBorough</domname><domdesc Sync="TRUE"/><domtype Sync="TRUE">Coded Value</domtype><mrgtype Sync="TRUE">Default value</mrgtype><splttype Sync="TRUE">Duplicate</splttype><domowner Sync="TRUE"/><domfldtp Sync="TRUE">String</domfldtp></stflddd></stfield><stfield><stfldnm Sync="TRUE">SOURCE</stfldnm><stflddd><domname Sync="TRUE">dAgency</domname><domdesc Sync="TRUE"/><domtype Sync="TRUE">Coded Value</domtype><mrgtype Sync="TRUE">Default value</mrgtype><splttype Sync="TRUE">Default value</splttype><domowner Sync="TRUE"/><domfldtp Sync="TRUE">String</domfldtp></stflddd></stfield><stfield><stfldnm Sync="TRUE">SECURITY_LEVEL</stfldnm><stflddv Sync="TRUE">1</stflddv><stflddd><domname Sync="TRUE">dSecurityLevel</domname><domdesc Sync="TRUE">Data Security Level</domdesc><domtype Sync="TRUE">Coded Value</domtype><mrgtype Sync="TRUE">Default value</mrgtype><splttype Sync="TRUE">Default value</splttype><domowner Sync="TRUE"/><domfldtp Sync="TRUE">Double</domfldtp></stflddd></stfield></subtype><attr><attrlabl Sync="TRUE">FID</attrlabl><attalias Sync="TRUE">FID</attalias><attrtype Sync="TRUE">OID</attrtype><attwidth Sync="TRUE">4</attwidth><atprecis Sync="TRUE">0</atprecis><attscale Sync="TRUE">0</attscale><attrdef Sync="TRUE">Internal feature number.</attrdef><attrdefs Sync="TRUE">Esri</attrdefs><attrdomv><udom Sync="TRUE">Sequential unique whole numbers that are automatically generated.</udom></attrdomv></attr><subtype><stname Sync="TRUE">Transportation Facility</stname><stcode Sync="TRUE">6</stcode><stfield><stfldnm Sync="TRUE">SAFTYPE</stfldnm><stflddd><domname Sync="TRUE">dSAFType</domname><domdesc Sync="TRUE"/><domtype Sync="TRUE">Coded Value</domtype><mrgtype Sync="TRUE">Default value</mrgtype><splttype Sync="TRUE">Duplicate</splttype><domowner Sync="TRUE"/><domfldtp Sync="TRUE">String</domfldtp></stflddd></stfield><stfield><stfldnm Sync="TRUE">SOSINDICATOR</stfldnm><stflddd><domname Sync="TRUE">dLeftRight</domname><domdesc Sync="TRUE"/><domtype Sync="TRUE">Coded Value</domtype><mrgtype Sync="TRUE">Default value</mrgtype><splttype Sync="TRUE">Default value</splttype><domowner Sync="TRUE"/><domfldtp Sync="TRUE">String</domfldtp></stflddd></stfield><stfield><stfldnm Sync="TRUE">BOROUGHCODE</stfldnm><stflddd><domname Sync="TRUE">dBorough</domname><domdesc Sync="TRUE"/><domtype Sync="TRUE">Coded Value</domtype><mrgtype Sync="TRUE">Default value</mrgtype><splttype Sync="TRUE">Duplicate</splttype><domowner Sync="TRUE"/><domfldtp Sync="TRUE">String</domfldtp></stflddd></stfield><stfield><stfldnm Sync="TRUE">SOURCE</stfldnm><stflddd><domname Sync="TRUE">dAgency</domname><domdesc Sync="TRUE"/><domtype Sync="TRUE">Coded Value</domtype><mrgtype Sync="TRUE">Default value</mrgtype><splttype Sync="TRUE">Default value</splttype><domowner Sync="TRUE"/><domfldtp Sync="TRUE">String</domfldtp></stflddd></stfield><stfield><stfldnm Sync="TRUE">SECURITY_LEVEL</stfldnm><stflddv Sync="TRUE">1</stflddv><stflddd><domname Sync="TRUE">dSecurityLevel</domname><domdesc Sync="TRUE">Data Security Level</domdesc><domtype Sync="TRUE">Coded Value</domtype><mrgtype Sync="TRUE">Default value</mrgtype><splttype Sync="TRUE">Default value</splttype><domowner Sync="TRUE"/><domfldtp Sync="TRUE">Double</domfldtp></stflddd></stfield></subtype><subtype><stname Sync="TRUE">Commercial</stname><stcode Sync="TRUE">7</stcode><stfield><stfldnm Sync="TRUE">SAFTYPE</stfldnm><stflddd><domname Sync="TRUE">dSAFType</domname><domdesc Sync="TRUE"/><domtype Sync="TRUE">Coded Value</domtype><mrgtype Sync="TRUE">Default value</mrgtype><splttype Sync="TRUE">Duplicate</splttype><domowner Sync="TRUE"/><domfldtp Sync="TRUE">String</domfldtp></stflddd></stfield><stfield><stfldnm Sync="TRUE">SOSINDICATOR</stfldnm><stflddd><domname Sync="TRUE">dLeftRight</domname><domdesc Sync="TRUE"/><domtype Sync="TRUE">Coded Value</domtype><mrgtype Sync="TRUE">Default value</mrgtype><splttype Sync="TRUE">Default value</splttype><domowner Sync="TRUE"/><domfldtp Sync="TRUE">String</domfldtp></stflddd></stfield><stfield><stfldnm Sync="TRUE">BOROUGHCODE</stfldnm><stflddd><domname Sync="TRUE">dBorough</domname><domdesc Sync="TRUE"/><domtype Sync="TRUE">Coded Value</domtype><mrgtype Sync="TRUE">Default value</mrgtype><splttype Sync="TRUE">Duplicate</splttype><domowner Sync="TRUE"/><domfldtp Sync="TRUE">String</domfldtp></stflddd></stfield><stfield><stfldnm Sync="TRUE">SOURCE</stfldnm><stflddd><domname Sync="TRUE">dAgency</domname><domdesc Sync="TRUE"/><domtype Sync="TRUE">Coded Value</domtype><mrgtype Sync="TRUE">Default value</mrgtype><splttype Sync="TRUE">Default value</splttype><domowner Sync="TRUE"/><domfldtp Sync="TRUE">String</domfldtp></stflddd></stfield><stfield><stfldnm Sync="TRUE">SECURITY_LEVEL</stfldnm><stflddv Sync="TRUE">1</stflddv><stflddd><domname Sync="TRUE">dSecurityLevel</domname><domdesc Sync="TRUE">Data Security Level</domdesc><domtype Sync="TRUE">Coded Value</domtype><mrgtype Sync="TRUE">Default value</mrgtype><splttype Sync="TRUE">Default value</splttype><domowner Sync="TRUE"/><domfldtp Sync="TRUE">Double</domfldtp></stflddd></stfield></subtype><subtype><stname Sync="TRUE">Government Facility (non public safety)</stname><stcode Sync="TRUE">8</stcode><stfield><stfldnm Sync="TRUE">SAFTYPE</stfldnm><stflddd><domname Sync="TRUE">dSAFType</domname><domdesc Sync="TRUE"/><domtype Sync="TRUE">Coded Value</domtype><mrgtype Sync="TRUE">Default value</mrgtype><splttype Sync="TRUE">Duplicate</splttype><domowner Sync="TRUE"/><domfldtp Sync="TRUE">String</domfldtp></stflddd></stfield><stfield><stfldnm Sync="TRUE">SOSINDICATOR</stfldnm><stflddd><domname Sync="TRUE">dLeftRight</domname><domdesc Sync="TRUE"/><domtype Sync="TRUE">Coded Value</domtype><mrgtype Sync="TRUE">Default value</mrgtype><splttype Sync="TRUE">Default value</splttype><domowner Sync="TRUE"/><domfldtp Sync="TRUE">String</domfldtp></stflddd></stfield><stfield><stfldnm Sync="TRUE">BOROUGHCODE</stfldnm><stflddd><domname Sync="TRUE">dBorough</domname><domdesc Sync="TRUE"/><domtype Sync="TRUE">Coded Value</domtype><mrgtype Sync="TRUE">Default value</mrgtype><splttype Sync="TRUE">Duplicate</splttype><domowner Sync="TRUE"/><domfldtp Sync="TRUE">String</domfldtp></stflddd></stfield><stfield><stfldnm Sync="TRUE">SOURCE</stfldnm><stflddd><domname Sync="TRUE">dAgency</domname><domdesc Sync="TRUE"/><domtype Sync="TRUE">Coded Value</domtype><mrgtype Sync="TRUE">Default value</mrgtype><splttype Sync="TRUE">Default value</splttype><domowner Sync="TRUE"/><domfldtp Sync="TRUE">String</domfldtp></stflddd></stfield><stfield><stfldnm Sync="TRUE">SECURITY_LEVEL</stfldnm><stflddv Sync="TRUE">1</stflddv><stflddd><domname Sync="TRUE">dSecurityLevel</domname><domdesc Sync="TRUE">Data Security Level</domdesc><domtype Sync="TRUE">Coded Value</domtype><mrgtype Sync="TRUE">Default value</mrgtype><splttype Sync="TRUE">Default value</splttype><domowner Sync="TRUE"/><domfldtp Sync="TRUE">Double</domfldtp></stflddd></stfield></subtype><subtype><stname Sync="TRUE">Religious Istitution</stname><stcode Sync="TRUE">9</stcode><stfield><stfldnm Sync="TRUE">SAFTYPE</stfldnm><stflddd><domname Sync="TRUE">dSAFType</domname><domdesc Sync="TRUE"/><domtype Sync="TRUE">Coded Value</domtype><mrgtype Sync="TRUE">Default value</mrgtype><splttype Sync="TRUE">Duplicate</splttype><domowner Sync="TRUE"/><domfldtp Sync="TRUE">String</domfldtp></stflddd></stfield><stfield><stfldnm Sync="TRUE">SOSINDICATOR</stfldnm><stflddd><domname Sync="TRUE">dLeftRight</domname><domdesc Sync="TRUE"/><domtype Sync="TRUE">Coded Value</domtype><mrgtype Sync="TRUE">Default value</mrgtype><splttype Sync="TRUE">Default value</splttype><domowner Sync="TRUE"/><domfldtp Sync="TRUE">String</domfldtp></stflddd></stfield><stfield><stfldnm Sync="TRUE">BOROUGHCODE</stfldnm><stflddd><domname Sync="TRUE">dBorough</domname><domdesc Sync="TRUE"/><domtype Sync="TRUE">Coded Value</domtype><mrgtype Sync="TRUE">Default value</mrgtype><splttype Sync="TRUE">Duplicate</splttype><domowner Sync="TRUE"/><domfldtp Sync="TRUE">String</domfldtp></stflddd></stfield><stfield><stfldnm Sync="TRUE">SOURCE</stfldnm><stflddd><domname Sync="TRUE">dAgency</domname><domdesc Sync="TRUE"/><domtype Sync="TRUE">Coded Value</domtype><mrgtype Sync="TRUE">Default value</mrgtype><splttype Sync="TRUE">Default value</splttype><domowner Sync="TRUE"/><domfldtp Sync="TRUE">String</domfldtp></stflddd></stfield><stfield><stfldnm Sync="TRUE">SECURITY_LEVEL</stfldnm><stflddv Sync="TRUE">1</stflddv><stflddd><domname Sync="TRUE">dSecurityLevel</domname><domdesc Sync="TRUE">Data Security Level</domdesc><domtype Sync="TRUE">Coded Value</domtype><mrgtype Sync="TRUE">Default value</mrgtype><splttype Sync="TRUE">Default value</splttype><domowner Sync="TRUE"/><domfldtp Sync="TRUE">Double</domfldtp></stflddd></stfield></subtype><attr><attrlabl Sync="TRUE">SOS</attrlabl><attalias Sync="TRUE">SOS</attalias><attrtype Sync="TRUE">String</attrtype><attwidth Sync="TRUE">1</attwidth><atprecis Sync="TRUE">0</atprecis><attscale Sync="TRUE">0</attscale></attr><subtype><stname Sync="TRUE">Health Services</stname><stcode Sync="TRUE">10</stcode><stfield><stfldnm Sync="TRUE">SAFTYPE</stfldnm><stflddd><domname Sync="TRUE">dSAFType</domname><domdesc Sync="TRUE"/><domtype Sync="TRUE">Coded Value</domtype><mrgtype Sync="TRUE">Default value</mrgtype><splttype Sync="TRUE">Duplicate</splttype><domowner Sync="TRUE"/><domfldtp Sync="TRUE">String</domfldtp></stflddd></stfield><stfield><stfldnm Sync="TRUE">SOSINDICATOR</stfldnm><stflddd><domname Sync="TRUE">dLeftRight</domname><domdesc Sync="TRUE"/><domtype Sync="TRUE">Coded Value</domtype><mrgtype Sync="TRUE">Default value</mrgtype><splttype Sync="TRUE">Default value</splttype><domowner Sync="TRUE"/><domfldtp Sync="TRUE">String</domfldtp></stflddd></stfield><stfield><stfldnm Sync="TRUE">BOROUGHCODE</stfldnm><stflddd><domname Sync="TRUE">dBorough</domname><domdesc Sync="TRUE"/><domtype Sync="TRUE">Coded Value</domtype><mrgtype Sync="TRUE">Default value</mrgtype><splttype Sync="TRUE">Duplicate</splttype><domowner Sync="TRUE"/><domfldtp Sync="TRUE">String</domfldtp></stflddd></stfield><stfield><stfldnm Sync="TRUE">SOURCE</stfldnm><stflddd><domname Sync="TRUE">dAgency</domname><domdesc Sync="TRUE"/><domtype Sync="TRUE">Coded Value</domtype><mrgtype Sync="TRUE">Default value</mrgtype><splttype Sync="TRUE">Default value</splttype><domowner Sync="TRUE"/><domfldtp Sync="TRUE">String</domfldtp></stflddd></stfield><stfield><stfldnm Sync="TRUE">SECURITY_LEVEL</stfldnm><stflddv Sync="TRUE">1</stflddv><stflddd><domname Sync="TRUE">dSecurityLevel</domname><domdesc Sync="TRUE">Data Security Level</domdesc><domtype Sync="TRUE">Coded Value</domtype><mrgtype Sync="TRUE">Default value</mrgtype><splttype Sync="TRUE">Default value</splttype><domowner Sync="TRUE"/><domfldtp Sync="TRUE">Double</domfldtp></stflddd></stfield></subtype><attr><attrlabl Sync="TRUE">FACI_DOM</attrlabl><attalias Sync="TRUE">FACI_DOM</attalias><attrtype Sync="TRUE">String</attrtype><attwidth Sync="TRUE">50</attwidth><atprecis Sync="TRUE">0</atprecis><attscale Sync="TRUE">0</attscale></attr><subtype><stname Sync="TRUE">Public Safety</stname><stcode Sync="TRUE">11</stcode><stfield><stfldnm Sync="TRUE">SAFTYPE</stfldnm><stflddd><domname Sync="TRUE">dSAFType</domname><domdesc Sync="TRUE"/><domtype Sync="TRUE">Coded Value</domtype><mrgtype Sync="TRUE">Default value</mrgtype><splttype Sync="TRUE">Duplicate</splttype><domowner Sync="TRUE"/><domfldtp Sync="TRUE">String</domfldtp></stflddd></stfield><stfield><stfldnm Sync="TRUE">SOSINDICATOR</stfldnm><stflddd><domname Sync="TRUE">dLeftRight</domname><domdesc Sync="TRUE"/><domtype Sync="TRUE">Coded Value</domtype><mrgtype Sync="TRUE">Default value</mrgtype><splttype Sync="TRUE">Default value</splttype><domowner Sync="TRUE"/><domfldtp Sync="TRUE">String</domfldtp></stflddd></stfield><stfield><stfldnm Sync="TRUE">BOROUGHCODE</stfldnm><stflddd><domname Sync="TRUE">dBorough</domname><domdesc Sync="TRUE"/><domtype Sync="TRUE">Coded Value</domtype><mrgtype Sync="TRUE">Default value</mrgtype><splttype Sync="TRUE">Duplicate</splttype><domowner Sync="TRUE"/><domfldtp Sync="TRUE">String</domfldtp></stflddd></stfield><stfield><stfldnm Sync="TRUE">SOURCE</stfldnm><stflddd><domname Sync="TRUE">dAgency</domname><domdesc Sync="TRUE"/><domtype Sync="TRUE">Coded Value</domtype><mrgtype Sync="TRUE">Default value</mrgtype><splttype Sync="TRUE">Default value</splttype><domowner Sync="TRUE"/><domfldtp Sync="TRUE">String</domfldtp></stflddd></stfield><stfield><stfldnm Sync="TRUE">SECURITY_LEVEL</stfldnm><stflddv Sync="TRUE">1</stflddv><stflddd><domname Sync="TRUE">dSecurityLevel</domname><domdesc Sync="TRUE">Data Security Level</domdesc><domtype Sync="TRUE">Coded Value</domtype><mrgtype Sync="TRUE">Default value</mrgtype><splttype Sync="TRUE">Default value</splttype><domowner Sync="TRUE"/><domfldtp Sync="TRUE">Double</domfldtp></stflddd></stfield></subtype><attr><attrlabl Sync="TRUE">BOROUGH</attrlabl><attalias Sync="TRUE">BOROUGH</attalias><attrtype Sync="TRUE">String</attrtype><attwidth Sync="TRUE">1</attwidth><atprecis Sync="TRUE">0</atprecis><attscale Sync="TRUE">0</attscale></attr><attr><attrlabl Sync="TRUE">CREATED</attrlabl><attalias Sync="TRUE">CREATED</attalias><attrtype Sync="TRUE">Date</attrtype><attwidth Sync="TRUE">8</attwidth><atprecis Sync="TRUE">0</atprecis><attscale Sync="TRUE">0</attscale></attr><attr><attrlabl Sync="TRUE">MODIFIED</attrlabl><attalias Sync="TRUE">MODIFIED</attalias><attrtype Sync="TRUE">Date</attrtype><attwidth Sync="TRUE">8</attwidth><atprecis Sync="TRUE">0</atprecis><attscale Sync="TRUE">0</attscale></attr><attr><attrlabl Sync="TRUE">FACILITY_T</attrlabl><attalias Sync="TRUE">FACILITY_T</attalias><attrtype Sync="TRUE">SmallInteger</attrtype><attwidth Sync="TRUE">5</attwidth><atprecis Sync="TRUE">5</atprecis><attscale Sync="TRUE">0</attscale></attr><subtype><stname Sync="TRUE">Water</stname><stcode Sync="TRUE">12</stcode><stfield><stfldnm Sync="TRUE">SAFTYPE</stfldnm><stflddd><domname Sync="TRUE">dSAFType</domname><domdesc Sync="TRUE"/><domtype Sync="TRUE">Coded Value</domtype><mrgtype Sync="TRUE">Default value</mrgtype><splttype Sync="TRUE">Duplicate</splttype><domowner Sync="TRUE"/><domfldtp Sync="TRUE">String</domfldtp></stflddd></stfield><stfield><stfldnm Sync="TRUE">SOSINDICATOR</stfldnm><stflddd><domname Sync="TRUE">dLeftRight</domname><domdesc Sync="TRUE"/><domtype Sync="TRUE">Coded Value</domtype><mrgtype Sync="TRUE">Default value</mrgtype><splttype Sync="TRUE">Default value</splttype><domowner Sync="TRUE"/><domfldtp Sync="TRUE">String</domfldtp></stflddd></stfield><stfield><stfldnm Sync="TRUE">BOROUGHCODE</stfldnm><stflddd><domname Sync="TRUE">dBorough</domname><domdesc Sync="TRUE"/><domtype Sync="TRUE">Coded Value</domtype><mrgtype Sync="TRUE">Default value</mrgtype><splttype Sync="TRUE">Duplicate</splttype><domowner Sync="TRUE"/><domfldtp Sync="TRUE">String</domfldtp></stflddd></stfield><stfield><stfldnm Sync="TRUE">SOURCE</stfldnm><stflddd><domname Sync="TRUE">dAgency</domname><domdesc Sync="TRUE"/><domtype Sync="TRUE">Coded Value</domtype><mrgtype Sync="TRUE">Default value</mrgtype><splttype Sync="TRUE">Default value</splttype><domowner Sync="TRUE"/><domfldtp Sync="TRUE">String</domfldtp></stflddd></stfield><stfield><stfldnm Sync="TRUE">SECURITY_LEVEL</stfldnm><stflddv Sync="TRUE">1</stflddv><stflddd><domname Sync="TRUE">dSecurityLevel</domname><domdesc Sync="TRUE">Data Security Level</domdesc><domtype Sync="TRUE">Coded Value</domtype><mrgtype Sync="TRUE">Default value</mrgtype><splttype Sync="TRUE">Default value</splttype><domowner Sync="TRUE"/><domfldtp Sync="TRUE">Double</domfldtp></stflddd></stfield></subtype><subtype><stname Sync="TRUE">Miscellaneous</stname><stcode Sync="TRUE">13</stcode><stfield><stfldnm Sync="TRUE">SAFTYPE</stfldnm><stflddd><domname Sync="TRUE">dSAFType</domname><domdesc Sync="TRUE"/><domtype Sync="TRUE">Coded Value</domtype><mrgtype Sync="TRUE">Default value</mrgtype><splttype Sync="TRUE">Duplicate</splttype><domowner Sync="TRUE"/><domfldtp Sync="TRUE">String</domfldtp></stflddd></stfield><stfield><stfldnm Sync="TRUE">SOSINDICATOR</stfldnm><stflddd><domname Sync="TRUE">dLeftRight</domname><domdesc Sync="TRUE"/><domtype Sync="TRUE">Coded Value</domtype><mrgtype Sync="TRUE">Default value</mrgtype><splttype Sync="TRUE">Default value</splttype><domowner Sync="TRUE"/><domfldtp Sync="TRUE">String</domfldtp></stflddd></stfield><stfield><stfldnm Sync="TRUE">BOROUGHCODE</stfldnm><stflddd><domname Sync="TRUE">dBorough</domname><domdesc Sync="TRUE"/><domtype Sync="TRUE">Coded Value</domtype><mrgtype Sync="TRUE">Default value</mrgtype><splttype Sync="TRUE">Duplicate</splttype><domowner Sync="TRUE"/><domfldtp Sync="TRUE">String</domfldtp></stflddd></stfield><stfield><stfldnm Sync="TRUE">SOURCE</stfldnm><stflddd><domname Sync="TRUE">dAgency</domname><domdesc Sync="TRUE"/><domtype Sync="TRUE">Coded Value</domtype><mrgtype Sync="TRUE">Default value</mrgtype><splttype Sync="TRUE">Default value</splttype><domowner Sync="TRUE"/><domfldtp Sync="TRUE">String</domfldtp></stflddd></stfield><stfield><stfldnm Sync="TRUE">SECURITY_LEVEL</stfldnm><stflddv Sync="TRUE">1</stflddv><stflddd><domname Sync="TRUE">dSecurityLevel</domname><domdesc Sync="TRUE">Data Security Level</domdesc><domtype Sync="TRUE">Coded Value</domtype><mrgtype Sync="TRUE">Default value</mrgtype><splttype Sync="TRUE">Default value</splttype><domowner Sync="TRUE"/><domfldtp Sync="TRUE">Double</domfldtp></stflddd></stfield></subtype><attr><attrlabl Sync="TRUE">PRI_ADD</attrlabl><attalias Sync="TRUE">PRI_ADD</attalias><attrtype Sync="TRUE">Double</attrtype><attwidth Sync="TRUE">19</attwidth><atprecis Sync="TRUE">0</atprecis><attscale Sync="TRUE">0</attscale></attr><attr><attrlabl Sync="TRUE">NAME</attrlabl><attalias Sync="TRUE">NAME</attalias><attrtype Sync="TRUE">String</attrtype><attwidth Sync="TRUE">100</attwidth><atprecis Sync="TRUE">0</atprecis><attscale Sync="TRUE">0</attscale></attr></detailed></eainfo><mdHrLvName Sync="TRUE">dataset</mdHrLvName><refSysInfo><RefSystem><refSysID><identCode code="2263" Sync="TRUE"/><idCodeSpace Sync="TRUE">EPSG</idCodeSpace><idVersion Sync="TRUE">8.6.2</idVersion></refSysID></RefSystem></refSysInfo><spatRepInfo><VectSpatRep><geometObjs Name="Point_Of_Interest"><geoObjTyp><GeoObjTypCd value="004" Sync="TRUE"/></geoObjTyp><geoObjCnt Sync="TRUE">0</geoObjCnt></geometObjs><topLvl><TopoLevCd value="001" Sync="TRUE"/></topLvl></VectSpatRep></spatRepInfo><spdoinfo><ptvctinf><esriterm Name="Point_Of_Interest"><efeatyp Sync="TRUE">Simple</efeatyp><efeageom code="1" Sync="TRUE"/><esritopo Sync="TRUE">FALSE</esritopo><efeacnt Sync="TRUE">0</efeacnt><spindex Sync="TRUE">FALSE</spindex><linrefer Sync="TRUE">FALSE</linrefer></esriterm></ptvctinf></spdoinfo><mdDateSt Sync="TRUE">20200908</mdDateSt></metadata>
